train/hammer/img1161.jpg,251,191,192,102,1
train/hammer/img864.jpg,129,345,34,360,1
train/hammer/img1249.jpg,483,284,109,27,1
train/hammer/img1261.jpg,424,55,308,46,1
train/hammer/img1261.jpg,424,55,308,46,1
train/hammer/img1249.jpg,483,284,109,27,1
train/hammer/img864.jpg,129,345,34,360,1
train/hammer/img333.jpg,8,327,38,358,1
train/hammer/img327.jpg,165,260,203,261,1
train/hammer/img1063.jpg,184,344,71,301,1
train/hammer/img1088.jpg,218,0,258,33,1
train/hammer/img1063.jpg,184,344,71,301,1
train/hammer/img1088.jpg,218,0,258,33,1
train/hammer/img333.jpg,8,327,38,358,1
train/hammer/img327.jpg,165,260,203,261,1
train/hammer/img253.jpg,129,226,220,359,1
train/hammer/img1103.jpg,304,208,324,65,1
train/hammer/img290.jpg,138,225,42,475,1
train/hammer/img509.jpg,82,262,113,222,1
train/hammer/img1103.jpg,304,208,324,65,1
train/hammer/img290.jpg,138,225,42,475,1
train/hammer/img509.jpg,82,262,113,222,1
train/hammer/img253.jpg,129,226,220,359,1
train/hammer/img723.jpg,93,126,92,198,1
train/hammer/img723.jpg,125,159,103,202,1
train/hammer/img723.jpg,100,125,321,373,1
train/hammer/img1329.jpg,304,223,368,279,1
train/hammer/img723.jpg,93,126,92,198,1
train/hammer/img723.jpg,125,159,103,202,1
train/hammer/img723.jpg,100,125,321,373,1
train/hammer/img1329.jpg,304,223,368,279,1
train/hammer/img911.jpg,191,230,179,219,1
train/hammer/img1328.jpg,155,23,459,97,1
train/hammer/img1314.jpg,474,258,247,173,1
train/hammer/img1314.jpg,474,258,247,173,1
train/hammer/img911.jpg,191,230,179,219,1
train/hammer/img1328.jpg,155,23,459,97,1
train/hammer/img252.jpg,7,238,4,376,1
train/hammer/img534.jpg,28,486,62,314,1
train/hammer/img520.jpg,240,311,163,195,1
train/hammer/img508.jpg,1,455,2,280,1
train/hammer/img1102.jpg,358,140,232,46,1
train/hammer/img285.jpg,26,461,42,333,1
train/hammer/img1116.jpg,499,108,183,2,1
train/hammer/img508.jpg,1,455,2,280,1
train/hammer/img1102.jpg,358,140,232,46,1
train/hammer/img285.jpg,26,461,42,333,1
train/hammer/img1116.jpg,499,108,183,2,1
train/hammer/img534.jpg,28,486,62,314,1
train/hammer/img252.jpg,7,238,4,376,1
train/hammer/img520.jpg,240,311,163,195,1
train/hammer/img440.jpg,9,113,103,254,1
train/hammer/img440.jpg,243,355,103,253,1
train/hammer/img440.jpg,174,232,120,265,1
train/hammer/img440.jpg,221,283,95,234,1
train/hammer/img440.jpg,125,185,91,236,1
train/hammer/img440.jpg,79,156,113,268,1
train/hammer/img332.jpg,38,162,2,199,1
train/hammer/img483.jpg,13,409,5,411,1
train/hammer/img483.jpg,80,309,17,504,1
train/hammer/img1089.jpg,468,14,375,53,1
train/hammer/img1076.jpg,38,176,79,402,1
train/hammer/img468.jpg,29,455,30,156,1
train/hammer/img497.jpg,46,782,118,405,1
train/hammer/img1076.jpg,38,176,79,402,1
train/hammer/img483.jpg,13,409,5,411,1
train/hammer/img483.jpg,80,309,17,504,1
train/hammer/img1089.jpg,468,14,375,53,1
train/hammer/img497.jpg,46,782,118,405,1
train/hammer/img468.jpg,29,455,30,156,1
train/hammer/img1376.jpg,299,60,361,183,1
train/hammer/img440.jpg,9,113,103,254,1
train/hammer/img440.jpg,243,355,103,253,1
train/hammer/img440.jpg,174,232,120,265,1
train/hammer/img440.jpg,221,283,95,234,1
train/hammer/img440.jpg,125,185,91,236,1
train/hammer/img440.jpg,79,156,113,268,1
train/hammer/img332.jpg,38,162,2,199,1
train/hammer/img1248.jpg,312,59,189,84,1
train/hammer/img1248.jpg,332,81,258,162,1
train/hammer/img1248.jpg,130,67,472,260,1
train/hammer/img1248.jpg,302,237,476,267,1
train/hammer/img1248.jpg,225,144,486,253,1
train/hammer/img865.jpg,1,473,1,370,1
train/hammer/img871.jpg,20,296,14,225,1
train/hammer/img656.jpg,19,471,83,230,1
train/hammer/img1274.jpg,244,1,287,1,1
train/hammer/img681.jpg,15,227,48,338,1
train/hammer/img695.jpg,4,75,236,328,1
train/hammer/img681.jpg,15,227,48,338,1
train/hammer/img1274.jpg,244,1,287,1,1
train/hammer/img695.jpg,4,75,236,328,1
train/hammer/img865.jpg,1,473,1,370,1
train/hammer/img1248.jpg,312,59,189,84,1
train/hammer/img1248.jpg,332,81,258,162,1
train/hammer/img1248.jpg,130,67,472,260,1
train/hammer/img1248.jpg,302,237,476,267,1
train/hammer/img1248.jpg,225,144,486,253,1
train/hammer/img656.jpg,19,471,83,230,1
train/hammer/img1160.jpg,258,213,227,181,1
train/hammer/img1160.jpg,349,299,225,186,1
train/hammer/img871.jpg,20,296,14,225,1
train/hammer/img867.jpg,206,405,110,292,1
train/hammer/img1276.jpg,500,258,219,0,1
train/hammer/img1289.jpg,400,15,182,14,1
train/hammer/img1262.jpg,254,136,281,9,1
train/hammer/img1289.jpg,400,15,182,14,1
train/hammer/img1276.jpg,500,258,219,0,1
train/hammer/img1262.jpg,254,136,281,9,1
train/hammer/img867.jpg,206,405,110,292,1
train/hammer/img1374.jpg,96,48,177,41,1
train/hammer/img1374.jpg,139,88,156,27,1
train/hammer/img1374.jpg,218,166,160,24,1
train/hammer/img1374.jpg,291,213,200,52,1
train/hammer/img1374.jpg,336,288,178,40,1
train/hammer/img1374.jpg,451,402,159,16,1
train/hammer/img1374.jpg,411,364,174,38,1
train/hammer/img1374.jpg,370,321,158,22,1
train/hammer/img1074.jpg,8,229,9,246,1
train/hammer/img1348.jpg,449,179,181,16,1
train/hammer/img1060.jpg,17,244,62,138,1
train/hammer/img495.jpg,178,264,1,102,1
train/hammer/img1074.jpg,8,229,9,246,1
train/hammer/img495.jpg,178,264,1,102,1
train/hammer/img1060.jpg,17,244,62,138,1
train/hammer/img250.jpg,70,451,35,292,1
train/hammer/img536.jpg,5,157,40,120,1
train/hammer/img1128.jpg,237,110,242,68,1
train/hammer/img1128.jpg,323,244,255,81,1
train/hammer/img1128.jpg,392,295,335,138,1
train/hammer/img1128.jpg,180,18,272,117,1
train/hammer/img1128.jpg,229,28,374,239,1
train/hammer/img1128.jpg,296,15,450,302,1
train/hammer/img1128.jpg,228,6,545,391,1
train/hammer/img1128.jpg,285,34,609,474,1
train/hammer/img1128.jpg,341,176,413,250,1
train/hammer/img1128.jpg,377,190,611,446,1
train/hammer/img1128.jpg,461,261,604,440,1
train/hammer/img1214.jpg,476,192,323,48,1
train/hammer/img244.jpg,18,361,66,500,1
train/hammer/img1100.jpg,500,235,306,69,1
train/hammer/img1228.jpg,277,1,228,128,1
train/hammer/img1114.jpg,402,306,279,170,1
train/hammer/img287.jpg,185,341,2,326,1
train/hammer/img1100.jpg,500,235,306,69,1
train/hammer/img1114.jpg,402,306,279,170,1
train/hammer/img287.jpg,185,341,2,326,1
train/hammer/img536.jpg,5,157,40,120,1
train/hammer/img250.jpg,70,451,35,292,1
train/hammer/img244.jpg,18,361,66,500,1
train/hammer/img1128.jpg,237,110,242,68,1
train/hammer/img1128.jpg,323,244,255,81,1
train/hammer/img1128.jpg,392,295,335,138,1
train/hammer/img1128.jpg,180,18,272,117,1
train/hammer/img1128.jpg,229,28,374,239,1
train/hammer/img1128.jpg,296,15,450,302,1
train/hammer/img1128.jpg,228,6,545,391,1
train/hammer/img1128.jpg,285,34,609,474,1
train/hammer/img1128.jpg,341,176,413,250,1
train/hammer/img1128.jpg,377,190,611,446,1
train/hammer/img1128.jpg,461,261,604,440,1
train/hammer/img913.jpg,201,317,10,230,1
train/hammer/img907.jpg,17,204,67,238,1
train/hammer/img708.jpg,27,167,193,283,1
train/hammer/img708.jpg,27,167,193,283,1
train/hammer/img913.jpg,201,317,10,230,1
train/hammer/img907.jpg,17,204,67,238,1
train/hammer/img721.jpg,49,319,128,455,1
train/hammer/img906.jpg,15,339,15,485,1
train/hammer/img735.jpg,345,498,1,374,1
train/hammer/img1303.jpg,281,170,100,66,1
train/hammer/img709.jpg,15,168,19,133,1
train/hammer/img1303.jpg,281,170,100,66,1
train/hammer/img709.jpg,15,168,19,133,1
train/hammer/img906.jpg,15,339,15,485,1
train/hammer/img721.jpg,49,319,128,455,1
train/hammer/img735.jpg,345,498,1,374,1
train/hammer/img523.jpg,7,196,12,196,1
train/hammer/img537.jpg,79,440,54,211,1
train/hammer/img251.jpg,113,476,2,284,1
train/hammer/img251.jpg,84,430,91,375,1
train/hammer/img286.jpg,26,171,128,417,1
train/hammer/img1101.jpg,300,59,274,20,1
train/hammer/img286.jpg,26,171,128,417,1
train/hammer/img1101.jpg,300,59,274,20,1
train/hammer/img523.jpg,7,196,12,196,1
train/hammer/img1215.jpg,496,0,333,1,1
train/hammer/img251.jpg,113,476,2,284,1
train/hammer/img251.jpg,84,430,91,375,1
train/hammer/img537.jpg,79,440,54,211,1
train/hammer/img1201.jpg,494,299,372,110,1
train/hammer/img331.jpg,34,373,101,263,1
train/hammer/img443.jpg,118,492,34,763,1
train/hammer/img480.jpg,58,1420,42,534,1
train/hammer/img319.jpg,114,242,162,292,1
train/hammer/img319.jpg,155,229,18,123,1
train/hammer/img480.jpg,58,1420,42,534,1
train/hammer/img319.jpg,114,242,162,292,1
train/hammer/img319.jpg,155,229,18,123,1
train/hammer/img331.jpg,34,373,101,263,1
train/hammer/img1375.jpg,430,1,207,0,1
train/hammer/img443.jpg,118,492,34,763,1
train/hammer/img655.jpg,33,141,209,298,1
train/hammer/img866.jpg,50,135,94,210,1
train/hammer/img866.jpg,88,175,76,214,1
train/hammer/img866.jpg,140,214,63,231,1
train/hammer/img866.jpg,208,268,60,242,1
train/hammer/img866.jpg,226,338,69,248,1
train/hammer/img866.jpg,279,396,107,253,1
train/hammer/img1188.jpg,472,31,160,27,1
train/hammer/img682.jpg,41,446,46,289,1
train/hammer/img682.jpg,41,446,46,289,1
train/hammer/img655.jpg,33,141,209,298,1
train/hammer/img1163.jpg,500,21,226,35,1
train/hammer/img866.jpg,50,135,94,210,1
train/hammer/img866.jpg,88,175,76,214,1
train/hammer/img866.jpg,140,214,63,231,1
train/hammer/img866.jpg,208,268,60,242,1
train/hammer/img866.jpg,226,338,69,248,1
train/hammer/img866.jpg,279,396,107,253,1
train/hammer/img686.jpg,73,143,135,221,1
train/hammer/img679.jpg,179,500,23,213,1
train/hammer/img1273.jpg,435,78,237,81,1
train/hammer/img1298.jpg,112,20,245,132,1
train/hammer/img1173.jpg,409,162,260,90,1
train/hammer/img645.jpg,12,444,116,303,1
train/hammer/img645.jpg,171,364,94,195,1
train/hammer/img645.jpg,197,357,160,242,1
train/hammer/img645.jpg,200,386,4,90,1
train/hammer/img1167.jpg,358,194,143,5,1
train/hammer/img876.jpg,59,436,122,375,1
train/hammer/img645.jpg,12,444,116,303,1
train/hammer/img645.jpg,171,364,94,195,1
train/hammer/img645.jpg,197,357,160,242,1
train/hammer/img645.jpg,200,386,4,90,1
train/hammer/img876.jpg,59,436,122,375,1
train/hammer/img1198.jpg,500,267,168,41,1
train/hammer/img679.jpg,179,500,23,213,1
train/hammer/img1273.jpg,435,78,237,81,1
train/hammer/img686.jpg,73,143,135,221,1
train/hammer/img1298.jpg,112,20,245,132,1
train/hammer/img1359.jpg,335,0,304,0,1
train/hammer/img447.jpg,11,174,5,151,1
train/hammer/img1371.jpg,416,271,373,103,1
train/hammer/img335.jpg,167,444,204,318,1
train/hammer/img1365.jpg,493,42,317,6,1
train/hammer/img447.jpg,11,174,5,151,1
train/hammer/img335.jpg,167,444,204,318,1
train/hammer/img1239.jpg,241,28,162,111,1
train/hammer/img1239.jpg,259,88,133,84,1
train/hammer/img1239.jpg,285,80,116,76,1
train/hammer/img1111.jpg,205,6,486,56,1
train/hammer/img533.jpg,115,400,92,348,1
train/hammer/img533.jpg,84,371,52,407,1
train/hammer/img1139.jpg,468,69,324,183,1
train/hammer/img533.jpg,115,400,92,348,1
train/hammer/img533.jpg,84,371,52,407,1
train/hammer/img1139.jpg,468,69,324,183,1
train/hammer/img1111.jpg,205,6,486,56,1
train/hammer/img1307.jpg,341,268,224,159,1
train/hammer/img1313.jpg,301,84,348,261,1
train/hammer/img719.jpg,130,383,43,322,1
train/hammer/img902.jpg,1,338,49,311,1
train/hammer/img902.jpg,1,338,49,311,1
train/hammer/img1307.jpg,341,268,224,159,1
train/hammer/img1313.jpg,301,84,348,261,1
train/hammer/img719.jpg,130,383,43,322,1
train/hammer/img718.jpg,95,153,55,223,1
train/hammer/img718.jpg,29,101,192,375,1
train/hammer/img718.jpg,109,183,267,375,1
train/hammer/img718.jpg,185,256,73,290,1
train/hammer/img718.jpg,254,325,141,334,1
train/hammer/img718.jpg,307,371,239,375,1
train/hammer/img718.jpg,392,475,203,375,1
train/hammer/img718.jpg,316,389,28,229,1
train/hammer/img718.jpg,409,474,23,194,1
train/hammer/img718.jpg,179,266,311,375,1
train/hammer/img1312.jpg,497,37,283,22,1
train/hammer/img1306.jpg,317,73,194,102,1
train/hammer/img730.jpg,5,189,39,159,1
train/hammer/img917.jpg,11,425,31,374,1
train/hammer/img917.jpg,11,425,31,374,1
train/hammer/img730.jpg,5,189,39,159,1
train/hammer/img718.jpg,95,153,55,223,1
train/hammer/img718.jpg,29,101,192,375,1
train/hammer/img718.jpg,109,183,267,375,1
train/hammer/img718.jpg,185,256,73,290,1
train/hammer/img718.jpg,254,325,141,334,1
train/hammer/img718.jpg,307,371,239,375,1
train/hammer/img718.jpg,392,475,203,375,1
train/hammer/img718.jpg,316,389,28,229,1
train/hammer/img718.jpg,409,474,23,194,1
train/hammer/img718.jpg,179,266,311,375,1
train/hammer/img1312.jpg,497,37,283,22,1
train/hammer/img1306.jpg,317,73,194,102,1
train/hammer/img283.jpg,127,296,226,485,1
train/hammer/img297.jpg,101,337,30,319,1
train/hammer/img526.jpg,21,149,45,141,1
train/hammer/img1138.jpg,276,231,267,107,1
train/hammer/img1138.jpg,360,302,278,96,1
train/hammer/img532.jpg,22,187,163,310,1
train/hammer/img526.jpg,21,149,45,141,1
train/hammer/img1138.jpg,276,231,267,107,1
train/hammer/img1138.jpg,360,302,278,96,1
train/hammer/img532.jpg,22,187,163,310,1
train/hammer/img1204.jpg,348,14,160,48,1
train/hammer/img1204.jpg,347,20,301,179,1
train/hammer/img283.jpg,127,296,226,485,1
train/hammer/img1238.jpg,216,80,220,16,1
train/hammer/img297.jpg,101,337,30,319,1
train/hammer/img1064.jpg,51,448,89,279,1
train/hammer/img308.jpg,1,428,15,234,1
train/hammer/img491.jpg,121,216,127,229,1
train/hammer/img485.jpg,45,462,34,158,1
train/hammer/img452.jpg,34,453,95,292,1
train/hammer/img1058.jpg,1,368,39,370,1
train/hammer/img320.jpg,62,469,11,370,1
train/hammer/img446.jpg,82,500,34,271,1
train/hammer/img452.jpg,34,453,95,292,1
train/hammer/img1058.jpg,1,368,39,370,1
train/hammer/img446.jpg,82,500,34,271,1
train/hammer/img320.jpg,62,469,11,370,1
train/hammer/img308.jpg,1,428,15,234,1
train/hammer/img491.jpg,121,216,127,229,1
train/hammer/img1064.jpg,51,448,89,279,1
train/hammer/img1358.jpg,374,70,374,144,1
train/hammer/img485.jpg,45,462,34,158,1
train/hammer/img1266.jpg,314,114,136,31,1
train/hammer/img1266.jpg,435,99,375,329,1
train/hammer/img1272.jpg,266,191,221,38,1
train/hammer/img687.jpg,162,251,255,388,1
train/hammer/img1199.jpg,253,1,242,1,1
train/hammer/img644.jpg,19,145,3,296,1
train/hammer/img863.jpg,27,200,38,188,1
train/hammer/img1166.jpg,219,15,198,76,1
train/hammer/img863.jpg,27,200,38,188,1
train/hammer/img644.jpg,19,145,3,296,1
train/hammer/img1172.jpg,142,68,250,18,1
train/hammer/img1266.jpg,314,114,136,31,1
train/hammer/img1266.jpg,435,99,375,329,1
train/hammer/img687.jpg,162,251,255,388,1
train/hammer/img1272.jpg,266,191,221,38,1
train/hammer/img1264.jpg,385,112,197,111,1
train/hammer/img1158.jpg,500,1,347,168,1
train/hammer/img1264.jpg,385,112,197,111,1
train/hammer/img493.jpg,103,201,121,401,1
train/hammer/img487.jpg,7,491,119,304,1
train/hammer/img450.jpg,48,264,53,221,1
train/hammer/img1366.jpg,120,72,382,248,1
train/hammer/img1366.jpg,152,111,414,279,1
train/hammer/img1366.jpg,200,135,383,262,1
train/hammer/img1366.jpg,240,170,395,244,1
train/hammer/img1372.jpg,489,7,374,6,1
train/hammer/img450.jpg,48,264,53,221,1
train/hammer/img493.jpg,103,201,121,401,1
train/hammer/img487.jpg,7,491,119,304,1
train/hammer/img1112.jpg,363,188,284,122,1
train/hammer/img256.jpg,7,189,1,136,1
train/hammer/img530.jpg,9,120,209,353,1
train/hammer/img530.jpg,84,221,137,353,1
train/hammer/img530.jpg,195,316,107,353,1
train/hammer/img530.jpg,251,406,40,260,1
train/hammer/img530.jpg,342,494,7,240,1
train/hammer/img530.jpg,9,120,209,353,1
train/hammer/img530.jpg,84,221,137,353,1
train/hammer/img530.jpg,195,316,107,353,1
train/hammer/img530.jpg,251,406,40,260,1
train/hammer/img530.jpg,342,494,7,240,1
train/hammer/img256.jpg,7,189,1,136,1
train/hammer/img1112.jpg,363,188,284,122,1
train/hammer/img1310.jpg,469,44,245,102,1
train/hammer/img929.jpg,93,273,15,465,1
train/hammer/img901.jpg,92,304,81,289,1
train/hammer/img1338.jpg,455,280,375,158,1
train/hammer/img915.jpg,171,259,252,386,1
train/hammer/img901.jpg,92,304,81,289,1
train/hammer/img915.jpg,171,259,252,386,1
train/hammer/img1338.jpg,455,280,375,158,1
train/hammer/img1310.jpg,469,44,245,102,1
train/hammer/img929.jpg,93,273,15,465,1
train/hammer/img928.jpg,22,360,90,375,1
train/hammer/img1305.jpg,110,60,209,167,1
train/hammer/img1311.jpg,328,19,437,218,1
train/hammer/img914.jpg,145,203,327,394,1
train/hammer/img733.jpg,51,497,37,373,1
train/hammer/img1339.jpg,179,33,332,83,1
train/hammer/img1339.jpg,295,182,331,59,1
train/hammer/img733.jpg,51,497,37,373,1
train/hammer/img1339.jpg,179,33,332,83,1
train/hammer/img1339.jpg,295,182,331,59,1
train/hammer/img914.jpg,145,203,327,394,1
train/hammer/img1305.jpg,110,60,209,167,1
train/hammer/img928.jpg,22,360,90,375,1
train/hammer/img1311.jpg,328,19,437,218,1
train/hammer/img1107.jpg,114,52,132,1,1
train/hammer/img280.jpg,54,252,31,280,1
train/hammer/img519.jpg,53,234,21,556,1
train/hammer/img257.jpg,44,461,38,296,1
train/hammer/img243.jpg,49,286,275,470,1
train/hammer/img525.jpg,1,316,65,478,1
train/hammer/img257.jpg,44,461,38,296,1
train/hammer/img525.jpg,1,316,65,478,1
train/hammer/img1213.jpg,269,191,360,150,1
train/hammer/img243.jpg,49,286,275,470,1
train/hammer/img1107.jpg,114,52,132,1,1
train/hammer/img280.jpg,54,252,31,280,1
train/hammer/img519.jpg,53,234,21,556,1
train/hammer/img479.jpg,83,282,75,487,1
train/hammer/img1073.jpg,12,188,47,155,1
train/hammer/img486.jpg,15,493,11,197,1
train/hammer/img1098.jpg,482,49,372,104,1
train/hammer/img492.jpg,135,363,1,440,1
train/hammer/img445.jpg,130,351,124,500,1
train/hammer/img451.jpg,129,201,40,212,1
train/hammer/img1373.jpg,461,31,184,99,1
train/hammer/img445.jpg,130,351,124,500,1
train/hammer/img451.jpg,129,201,40,212,1
train/hammer/img486.jpg,15,493,11,197,1
train/hammer/img479.jpg,83,282,75,487,1
train/hammer/img1073.jpg,12,188,47,155,1
train/hammer/img1098.jpg,482,49,372,104,1
train/hammer/img492.jpg,135,363,1,440,1
train/hammer/img684.jpg,20,337,10,493,1
train/hammer/img1265.jpg,471,8,373,61,1
train/hammer/img848.jpg,35,381,26,283,1
train/hammer/img690.jpg,54,302,64,499,1
train/hammer/img647.jpg,72,431,62,332,1
train/hammer/img1259.jpg,158,79,191,9,1
train/hammer/img1259.jpg,80,1,248,207,1
train/hammer/img874.jpg,50,113,234,422,1
train/hammer/img874.jpg,1,85,127,315,1
train/hammer/img874.jpg,20,66,17,118,1
train/hammer/img874.jpg,106,137,36,121,1
train/hammer/img874.jpg,96,195,137,254,1
train/hammer/img874.jpg,169,209,183,228,1
train/hammer/img874.jpg,257,298,145,263,1
train/hammer/img874.jpg,234,276,178,284,1
train/hammer/img874.jpg,202,249,151,244,1
train/hammer/img874.jpg,185,226,32,157,1
train/hammer/img874.jpg,222,257,51,157,1
train/hammer/img874.jpg,246,295,34,143,1
train/hammer/img874.jpg,281,323,18,134,1
train/hammer/img874.jpg,134,161,2,110,1
train/hammer/img874.jpg,154,188,13,125,1
train/hammer/img874.jpg,306,361,3,221,1
train/hammer/img647.jpg,72,431,62,332,1
train/hammer/img1171.jpg,192,156,236,201,1
train/hammer/img874.jpg,50,113,234,422,1
train/hammer/img874.jpg,1,85,127,315,1
train/hammer/img874.jpg,20,66,17,118,1
train/hammer/img874.jpg,106,137,36,121,1
train/hammer/img874.jpg,96,195,137,254,1
train/hammer/img874.jpg,169,209,183,228,1
train/hammer/img874.jpg,257,298,145,263,1
train/hammer/img874.jpg,234,276,178,284,1
train/hammer/img874.jpg,202,249,151,244,1
train/hammer/img874.jpg,185,226,32,157,1
train/hammer/img874.jpg,222,257,51,157,1
train/hammer/img874.jpg,246,295,34,143,1
train/hammer/img874.jpg,281,323,18,134,1
train/hammer/img874.jpg,134,161,2,110,1
train/hammer/img874.jpg,154,188,13,125,1
train/hammer/img874.jpg,306,361,3,221,1
train/hammer/img1259.jpg,158,79,191,9,1
train/hammer/img1259.jpg,80,1,248,207,1
train/hammer/img684.jpg,20,337,10,493,1
train/hammer/img848.jpg,35,381,26,283,1
train/hammer/img690.jpg,54,302,64,499,1
train/hammer/img1159.jpg,464,57,332,6,1
train/hammer/img1265.jpg,471,8,373,61,1
train/hammer/img1102.jpg,358,140,232,46,1
train/hammer/img634.jpg,9,684,17,274,1
train/hammer/img1116.jpg,499,108,183,2,1
train/hammer/img620.jpg,1,285,9,115,1
train/hammer/img807.jpg,188,217,68,114,1
train/hammer/img608.jpg,6,385,34,254,1
train/hammer/img608.jpg,6,385,34,254,1
train/hammer/img634.jpg,9,684,17,274,1
train/hammer/img807.jpg,188,217,68,114,1
train/hammer/img620.jpg,1,285,9,115,1
train/hammer/img436.jpg,49,437,20,364,1
train/hammer/img422.jpg,29,283,8,187,1
train/hammer/img1314.jpg,474,258,247,173,1
train/hammer/img393.jpg,191,407,74,333,1
train/hammer/img1000.jpg,140,351,35,280,1
train/hammer/img1000.jpg,94,458,185,341,1
train/hammer/img1328.jpg,155,23,459,97,1
train/hammer/img1014.jpg,35,441,26,197,1
train/hammer/img393.jpg,191,407,74,333,1
train/hammer/img1000.jpg,140,351,35,280,1
train/hammer/img1000.jpg,94,458,185,341,1
train/hammer/img1014.jpg,35,441,26,197,1
train/hammer/img436.jpg,49,437,20,364,1
train/hammer/img422.jpg,29,283,8,187,1
train/hammer/img1274.jpg,244,1,287,1,1
train/hammer/img542.jpg,66,363,52,473,1
train/hammer/img230.jpg,3,401,84,294,1
train/hammer/img556.jpg,94,498,45,256,1
train/hammer/img1248.jpg,312,59,189,84,1
train/hammer/img1248.jpg,332,81,258,162,1
train/hammer/img1248.jpg,130,67,472,260,1
train/hammer/img1248.jpg,302,237,476,267,1
train/hammer/img1248.jpg,225,144,486,253,1
train/hammer/img218.jpg,248,339,54,167,1
train/hammer/img1160.jpg,258,213,227,181,1
train/hammer/img1160.jpg,349,299,225,186,1
train/hammer/img218.jpg,248,339,54,167,1
train/hammer/img1160.jpg,258,213,227,181,1
train/hammer/img1160.jpg,349,299,225,186,1
train/hammer/img542.jpg,66,363,52,473,1
train/hammer/img556.jpg,94,498,45,256,1
train/hammer/img230.jpg,3,401,84,294,1
train/hammer/img740.jpg,12,150,10,361,1
train/hammer/img740.jpg,177,330,39,374,1
train/hammer/img740.jpg,341,482,16,375,1
train/hammer/img783.jpg,5,446,9,146,1
train/hammer/img1376.jpg,299,60,361,183,1
train/hammer/img768.jpg,123,405,114,170,1
train/hammer/img797.jpg,126,220,189,330,1
train/hammer/img1376.jpg,299,60,361,183,1
train/hammer/img783.jpg,5,446,9,146,1
train/hammer/img797.jpg,126,220,189,330,1
train/hammer/img768.jpg,123,405,114,170,1
train/hammer/img740.jpg,12,150,10,361,1
train/hammer/img740.jpg,177,330,39,374,1
train/hammer/img740.jpg,341,482,16,375,1
train/hammer/img1089.jpg,468,14,375,53,1
train/hammer/img999.jpg,1,402,2,302,1
train/hammer/img741.jpg,38,186,202,293,1
train/hammer/img741.jpg,144,286,150,212,1
train/hammer/img741.jpg,312,471,199,273,1
train/hammer/img741.jpg,140,293,207,268,1
train/hammer/img741.jpg,122,217,93,190,1
train/hammer/img741.jpg,23,152,160,211,1
train/hammer/img1088.jpg,218,0,258,33,1
train/hammer/img966.jpg,122,356,134,352,1
train/hammer/img782.jpg,71,245,221,315,1
train/hammer/img782.jpg,182,243,54,169,1
train/hammer/img782.jpg,71,245,221,315,1
train/hammer/img782.jpg,182,243,54,169,1
train/hammer/img966.jpg,122,356,134,352,1
train/hammer/img999.jpg,1,402,2,302,1
train/hammer/img741.jpg,38,186,202,293,1
train/hammer/img741.jpg,144,286,150,212,1
train/hammer/img741.jpg,312,471,199,273,1
train/hammer/img741.jpg,140,293,207,268,1
train/hammer/img741.jpg,122,217,93,190,1
train/hammer/img741.jpg,23,152,160,211,1
train/hammer/img557.jpg,163,284,90,347,1
train/hammer/img231.jpg,179,480,1,180,1
train/hammer/img1161.jpg,251,191,192,102,1
train/hammer/img580.jpg,108,500,59,224,1
train/hammer/img1161.jpg,251,191,192,102,1
train/hammer/img1249.jpg,483,284,109,27,1
train/hammer/img580.jpg,108,500,59,224,1
train/hammer/img231.jpg,179,480,1,180,1
train/hammer/img557.jpg,163,284,90,347,1
train/hammer/img1261.jpg,424,55,308,46,1
train/hammer/img423.jpg,74,200,1,98,1
train/hammer/img423.jpg,133,200,105,196,1
train/hammer/img345.jpg,44,318,86,375,1
train/hammer/img345.jpg,378,500,101,367,1
train/hammer/img1015.jpg,48,460,90,282,1
train/hammer/img392.jpg,138,346,54,576,1
train/hammer/img1015.jpg,48,460,90,282,1
train/hammer/img1329.jpg,304,223,368,279,1
train/hammer/img392.jpg,138,346,54,576,1
train/hammer/img345.jpg,44,318,86,375,1
train/hammer/img345.jpg,378,500,101,367,1
train/hammer/img423.jpg,74,200,1,98,1
train/hammer/img423.jpg,133,200,105,196,1
train/hammer/img806.jpg,60,327,39,343,1
train/hammer/img806.jpg,60,327,39,343,1
train/hammer/img1103.jpg,304,208,324,65,1
train/hammer/img804.jpg,6,444,1,263,1
train/hammer/img1101.jpg,300,59,274,20,1
train/hammer/img637.jpg,61,375,32,411,1
train/hammer/img810.jpg,57,384,100,268,1
train/hammer/img838.jpg,9,57,214,364,1
train/hammer/img838.jpg,41,108,64,360,1
train/hammer/img838.jpg,98,175,170,362,1
train/hammer/img838.jpg,93,155,21,161,1
train/hammer/img838.jpg,149,259,136,261,1
train/hammer/img838.jpg,172,221,248,359,1
train/hammer/img838.jpg,281,334,222,361,1
train/hammer/img838.jpg,183,277,26,190,1
train/hammer/img838.jpg,251,297,131,267,1
train/hammer/img838.jpg,333,410,26,167,1
train/hammer/img838.jpg,335,383,240,364,1
train/hammer/img838.jpg,342,479,157,363,1
train/hammer/img1215.jpg,496,0,333,1,1
train/hammer/img1201.jpg,494,299,372,110,1
train/hammer/img1215.jpg,496,0,333,1,1
train/hammer/img838.jpg,9,57,214,364,1
train/hammer/img838.jpg,41,108,64,360,1
train/hammer/img838.jpg,98,175,170,362,1
train/hammer/img838.jpg,93,155,21,161,1
train/hammer/img838.jpg,149,259,136,261,1
train/hammer/img838.jpg,172,221,248,359,1
train/hammer/img838.jpg,281,334,222,361,1
train/hammer/img838.jpg,183,277,26,190,1
train/hammer/img838.jpg,251,297,131,267,1
train/hammer/img838.jpg,333,410,26,167,1
train/hammer/img838.jpg,335,383,240,364,1
train/hammer/img838.jpg,342,479,157,363,1
train/hammer/img1201.jpg,494,299,372,110,1
train/hammer/img804.jpg,6,444,1,263,1
train/hammer/img810.jpg,57,384,100,268,1
train/hammer/img637.jpg,61,375,32,411,1
train/hammer/img421.jpg,217,290,249,323,1
train/hammer/img347.jpg,17,370,18,216,1
train/hammer/img353.jpg,298,358,61,185,1
train/hammer/img435.jpg,9,85,108,340,1
train/hammer/img435.jpg,115,183,114,333,1
train/hammer/img435.jpg,157,223,185,373,1
train/hammer/img435.jpg,163,229,1,156,1
train/hammer/img435.jpg,219,262,116,333,1
train/hammer/img435.jpg,291,389,121,325,1
train/hammer/img435.jpg,267,331,1,144,1
train/hammer/img435.jpg,318,374,1,84,1
train/hammer/img435.jpg,206,291,1,97,1
train/hammer/img1303.jpg,281,170,100,66,1
train/hammer/img347.jpg,17,370,18,216,1
train/hammer/img421.jpg,217,290,249,323,1
train/hammer/img435.jpg,9,85,108,340,1
train/hammer/img435.jpg,115,183,114,333,1
train/hammer/img435.jpg,157,223,185,373,1
train/hammer/img435.jpg,163,229,1,156,1
train/hammer/img435.jpg,219,262,116,333,1
train/hammer/img435.jpg,291,389,121,325,1
train/hammer/img435.jpg,267,331,1,144,1
train/hammer/img435.jpg,318,374,1,84,1
train/hammer/img435.jpg,206,291,1,97,1
train/hammer/img353.jpg,298,358,61,185,1
train/hammer/img555.jpg,378,493,138,314,1
train/hammer/img233.jpg,128,345,69,435,1
train/hammer/img227.jpg,111,209,159,219,1
train/hammer/img227.jpg,81,138,387,487,1
train/hammer/img1163.jpg,500,21,226,35,1
train/hammer/img596.jpg,16,110,134,209,1
train/hammer/img596.jpg,66,132,278,399,1
train/hammer/img1188.jpg,472,31,160,27,1
train/hammer/img582.jpg,122,323,244,378,1
train/hammer/img596.jpg,16,110,134,209,1
train/hammer/img596.jpg,66,132,278,399,1
train/hammer/img1163.jpg,500,21,226,35,1
train/hammer/img1188.jpg,472,31,160,27,1
train/hammer/img582.jpg,122,323,244,378,1
train/hammer/img233.jpg,128,345,69,435,1
train/hammer/img555.jpg,378,493,138,314,1
train/hammer/img227.jpg,111,209,159,219,1
train/hammer/img227.jpg,81,138,387,487,1
train/hammer/img970.jpg,97,384,140,305,1
train/hammer/img757.jpg,8,499,41,294,1
train/hammer/img794.jpg,263,500,46,330,1
train/hammer/img1375.jpg,430,1,207,0,1
train/hammer/img958.jpg,287,500,1,329,1
train/hammer/img794.jpg,263,500,46,330,1
train/hammer/img958.jpg,287,500,1,329,1
train/hammer/img1375.jpg,430,1,207,0,1
train/hammer/img757.jpg,8,499,41,294,1
train/hammer/img970.jpg,97,384,140,305,1
train/hammer/img965.jpg,51,122,363,432,1
train/hammer/img1348.jpg,449,179,181,16,1
train/hammer/img756.jpg,140,201,169,301,1
train/hammer/img959.jpg,229,357,179,218,1
train/hammer/img1374.jpg,96,48,177,41,1
train/hammer/img1374.jpg,139,88,156,27,1
train/hammer/img1374.jpg,218,166,160,24,1
train/hammer/img1374.jpg,291,213,200,52,1
train/hammer/img1374.jpg,336,288,178,40,1
train/hammer/img1374.jpg,451,402,159,16,1
train/hammer/img1374.jpg,411,364,174,38,1
train/hammer/img1374.jpg,370,321,158,22,1
train/hammer/img1374.jpg,96,48,177,41,1
train/hammer/img1374.jpg,139,88,156,27,1
train/hammer/img1374.jpg,218,166,160,24,1
train/hammer/img1374.jpg,291,213,200,52,1
train/hammer/img1374.jpg,336,288,178,40,1
train/hammer/img1374.jpg,451,402,159,16,1
train/hammer/img1374.jpg,411,364,174,38,1
train/hammer/img1374.jpg,370,321,158,22,1
train/hammer/img959.jpg,229,357,179,218,1
train/hammer/img1348.jpg,449,179,181,16,1
train/hammer/img965.jpg,51,122,363,432,1
train/hammer/img756.jpg,140,201,169,301,1
train/hammer/img540.jpg,290,444,57,374,1
train/hammer/img1289.jpg,400,15,182,14,1
train/hammer/img583.jpg,197,500,26,241,1
train/hammer/img583.jpg,197,500,26,241,1
train/hammer/img540.jpg,290,444,57,374,1
train/hammer/img1276.jpg,500,258,219,0,1
train/hammer/img1262.jpg,254,136,281,9,1
train/hammer/img408.jpg,26,389,107,240,1
train/hammer/img1002.jpg,295,401,83,227,1
train/hammer/img408.jpg,26,389,107,240,1
train/hammer/img1002.jpg,295,401,83,227,1
train/hammer/img811.jpg,278,333,178,277,1
train/hammer/img811.jpg,408,500,279,362,1
train/hammer/img1228.jpg,277,1,228,128,1
train/hammer/img1214.jpg,476,192,323,48,1
train/hammer/img1128.jpg,237,110,242,68,1
train/hammer/img1128.jpg,323,244,255,81,1
train/hammer/img1128.jpg,392,295,335,138,1
train/hammer/img1128.jpg,180,18,272,117,1
train/hammer/img1128.jpg,229,28,374,239,1
train/hammer/img1128.jpg,296,15,450,302,1
train/hammer/img1128.jpg,228,6,545,391,1
train/hammer/img1128.jpg,285,34,609,474,1
train/hammer/img1128.jpg,341,176,413,250,1
train/hammer/img1128.jpg,377,190,611,446,1
train/hammer/img1128.jpg,461,261,604,440,1
train/hammer/img1214.jpg,476,192,323,48,1
train/hammer/img1100.jpg,500,235,306,69,1
train/hammer/img811.jpg,278,333,178,277,1
train/hammer/img811.jpg,408,500,279,362,1
train/hammer/img1228.jpg,277,1,228,128,1
train/hammer/img1114.jpg,402,306,279,170,1
train/hammer/img829.jpg,61,230,45,431,1
train/hammer/img1138.jpg,276,231,267,107,1
train/hammer/img1138.jpg,360,302,278,96,1
train/hammer/img1204.jpg,348,14,160,48,1
train/hammer/img1204.jpg,347,20,301,179,1
train/hammer/img1238.jpg,216,80,220,16,1
train/hammer/img1238.jpg,216,80,220,16,1
train/hammer/img1204.jpg,348,14,160,48,1
train/hammer/img1204.jpg,347,20,301,179,1
train/hammer/img829.jpg,61,230,45,431,1
train/hammer/img418.jpg,29,417,100,301,1
train/hammer/img381.jpg,272,341,224,257,1
train/hammer/img1006.jpg,78,199,25,155,1
train/hammer/img1312.jpg,497,37,283,22,1
train/hammer/img430.jpg,170,262,111,162,1
train/hammer/img1306.jpg,317,73,194,102,1
train/hammer/img430.jpg,170,262,111,162,1
train/hammer/img418.jpg,29,417,100,301,1
train/hammer/img381.jpg,272,341,224,257,1
train/hammer/img1006.jpg,78,199,25,155,1
train/hammer/img593.jpg,144,269,100,432,1
train/hammer/img1199.jpg,253,1,242,1,1
train/hammer/img1166.jpg,219,15,198,76,1
train/hammer/img1172.jpg,142,68,250,18,1
train/hammer/img1266.jpg,314,114,136,31,1
train/hammer/img1266.jpg,435,99,375,329,1
train/hammer/img550.jpg,56,449,51,313,1
train/hammer/img1272.jpg,266,191,221,38,1
train/hammer/img550.jpg,56,449,51,313,1
train/hammer/img1166.jpg,219,15,198,76,1
train/hammer/img593.jpg,144,269,100,432,1
train/hammer/img1199.jpg,253,1,242,1,1
train/hammer/img1172.jpg,142,68,250,18,1
train/hammer/img949.jpg,231,306,100,288,1
train/hammer/img791.jpg,8,223,23,216,1
train/hammer/img785.jpg,50,277,7,489,1
train/hammer/img1358.jpg,374,70,374,144,1
train/hammer/img975.jpg,43,499,5,426,1
train/hammer/img975.jpg,43,499,5,426,1
train/hammer/img1358.jpg,374,70,374,144,1
train/hammer/img949.jpg,231,306,100,288,1
train/hammer/img791.jpg,8,223,23,216,1
train/hammer/img785.jpg,50,277,7,489,1
train/hammer/img1371.jpg,416,271,373,103,1
train/hammer/img784.jpg,264,433,39,300,1
train/hammer/img790.jpg,38,471,74,279,1
train/hammer/img1365.jpg,493,42,317,6,1
train/hammer/img747.jpg,166,255,208,356,1
train/hammer/img1359.jpg,335,0,304,0,1
train/hammer/img753.jpg,162,186,47,123,1
train/hammer/img753.jpg,241,275,95,173,1
train/hammer/img747.jpg,166,255,208,356,1
train/hammer/img1359.jpg,335,0,304,0,1
train/hammer/img753.jpg,162,186,47,123,1
train/hammer/img753.jpg,241,275,95,173,1
train/hammer/img784.jpg,264,433,39,300,1
train/hammer/img1371.jpg,416,271,373,103,1
train/hammer/img1365.jpg,493,42,317,6,1
train/hammer/img790.jpg,38,471,74,279,1
train/hammer/img1173.jpg,409,162,260,90,1
train/hammer/img1167.jpg,358,194,143,5,1
train/hammer/img1198.jpg,500,267,168,41,1
train/hammer/img1298.jpg,112,20,245,132,1
train/hammer/img237.jpg,9,173,11,175,1
train/hammer/img1273.jpg,435,78,237,81,1
train/hammer/img237.jpg,9,173,11,175,1
train/hammer/img1173.jpg,409,162,260,90,1
train/hammer/img1198.jpg,500,267,168,41,1
train/hammer/img1167.jpg,358,194,143,5,1
train/hammer/img1007.jpg,168,389,132,282,1
train/hammer/img419.jpg,38,199,6,200,1
train/hammer/img343.jpg,33,235,52,165,1
train/hammer/img343.jpg,139,291,67,160,1
train/hammer/img1307.jpg,341,268,224,159,1
train/hammer/img343.jpg,33,235,52,165,1
train/hammer/img343.jpg,139,291,67,160,1
train/hammer/img1313.jpg,301,84,348,261,1
train/hammer/img1007.jpg,168,389,132,282,1
train/hammer/img419.jpg,38,199,6,200,1
train/hammer/img828.jpg,3,337,49,405,1
train/hammer/img1239.jpg,241,28,162,111,1
train/hammer/img1239.jpg,259,88,133,84,1
train/hammer/img1239.jpg,285,80,116,76,1
train/hammer/img1239.jpg,241,28,162,111,1
train/hammer/img1239.jpg,259,88,133,84,1
train/hammer/img1239.jpg,285,80,116,76,1
train/hammer/img1111.jpg,205,6,486,56,1
train/hammer/img828.jpg,3,337,49,405,1
train/hammer/img1139.jpg,468,69,324,183,1
train/hammer/img1213.jpg,269,191,360,150,1
train/hammer/img619.jpg,17,90,113,233,1
train/hammer/img619.jpg,19,187,165,344,1
train/hammer/img619.jpg,127,255,169,331,1
train/hammer/img619.jpg,222,337,165,292,1
train/hammer/img619.jpg,285,379,175,296,1
train/hammer/img619.jpg,349,429,172,288,1
train/hammer/img619.jpg,428,499,175,285,1
train/hammer/img619.jpg,6,128,158,268,1
train/hammer/img619.jpg,82,415,57,99,1
train/hammer/img619.jpg,95,155,32,136,1
train/hammer/img1107.jpg,114,52,132,1,1
train/hammer/img1213.jpg,269,191,360,150,1
train/hammer/img619.jpg,17,90,113,233,1
train/hammer/img619.jpg,19,187,165,344,1
train/hammer/img619.jpg,127,255,169,331,1
train/hammer/img619.jpg,222,337,165,292,1
train/hammer/img619.jpg,285,379,175,296,1
train/hammer/img619.jpg,349,429,172,288,1
train/hammer/img619.jpg,428,499,175,285,1
train/hammer/img619.jpg,6,128,158,268,1
train/hammer/img619.jpg,82,415,57,99,1
train/hammer/img619.jpg,95,155,32,136,1
train/hammer/img369.jpg,11,60,185,338,1
train/hammer/img369.jpg,99,156,186,341,1
train/hammer/img369.jpg,164,218,201,359,1
train/hammer/img369.jpg,221,270,184,335,1
train/hammer/img369.jpg,281,328,195,356,1
train/hammer/img369.jpg,336,398,184,338,1
train/hammer/img396.jpg,189,242,97,237,1
train/hammer/img1005.jpg,240,363,89,375,1
train/hammer/img1005.jpg,153,266,50,358,1
train/hammer/img1005.jpg,63,171,16,322,1
train/hammer/img1005.jpg,1,89,297,375,1
train/hammer/img1339.jpg,179,33,332,83,1
train/hammer/img1339.jpg,295,182,331,59,1
train/hammer/img1011.jpg,15,483,35,266,1
train/hammer/img355.jpg,70,282,22,498,1
train/hammer/img1305.jpg,110,60,209,167,1
train/hammer/img1039.jpg,117,416,116,182,1
train/hammer/img427.jpg,106,307,29,409,1
train/hammer/img1311.jpg,328,19,437,218,1
train/hammer/img1039.jpg,117,416,116,182,1
train/hammer/img355.jpg,70,282,22,498,1
train/hammer/img427.jpg,106,307,29,409,1
train/hammer/img396.jpg,189,242,97,237,1
train/hammer/img1005.jpg,240,363,89,375,1
train/hammer/img1005.jpg,153,266,50,358,1
train/hammer/img1005.jpg,63,171,16,322,1
train/hammer/img1005.jpg,1,89,297,375,1
train/hammer/img369.jpg,11,60,185,338,1
train/hammer/img369.jpg,99,156,186,341,1
train/hammer/img369.jpg,164,218,201,359,1
train/hammer/img369.jpg,221,270,184,335,1
train/hammer/img369.jpg,281,328,195,356,1
train/hammer/img369.jpg,336,398,184,338,1
train/hammer/img1011.jpg,15,483,35,266,1
train/hammer/img1171.jpg,192,156,236,201,1
train/hammer/img1259.jpg,158,79,191,9,1
train/hammer/img1259.jpg,80,1,248,207,1
train/hammer/img209.jpg,16,264,16,333,1
train/hammer/img221.jpg,31,140,30,133,1
train/hammer/img1159.jpg,464,57,332,6,1
train/hammer/img1265.jpg,471,8,373,61,1
train/hammer/img553.jpg,78,373,148,348,1
train/hammer/img235.jpg,72,432,23,374,1
train/hammer/img221.jpg,31,140,30,133,1
train/hammer/img235.jpg,72,432,23,374,1
train/hammer/img1159.jpg,464,57,332,6,1
train/hammer/img553.jpg,78,373,148,348,1
train/hammer/img1171.jpg,192,156,236,201,1
train/hammer/img209.jpg,16,264,16,333,1
train/hammer/img1373.jpg,461,31,184,99,1
train/hammer/img786.jpg,21,351,61,291,1
train/hammer/img962.jpg,134,237,123,472,1
train/hammer/img962.jpg,134,237,123,472,1
train/hammer/img1098.jpg,482,49,372,104,1
train/hammer/img786.jpg,21,351,61,291,1
train/hammer/img1373.jpg,461,31,184,99,1
train/hammer/img1366.jpg,120,72,382,248,1
train/hammer/img1366.jpg,152,111,414,279,1
train/hammer/img1366.jpg,200,135,383,262,1
train/hammer/img1366.jpg,240,170,395,244,1
train/hammer/img793.jpg,124,199,33,173,1
train/hammer/img1372.jpg,489,7,374,6,1
train/hammer/img750.jpg,57,240,25,488,1
train/hammer/img744.jpg,164,242,173,277,1
train/hammer/img750.jpg,57,240,25,488,1
train/hammer/img744.jpg,164,242,173,277,1
train/hammer/img793.jpg,124,199,33,173,1
train/hammer/img1366.jpg,120,72,382,248,1
train/hammer/img1366.jpg,152,111,414,279,1
train/hammer/img1366.jpg,200,135,383,262,1
train/hammer/img1366.jpg,240,170,395,244,1
train/hammer/img1372.jpg,489,7,374,6,1
train/hammer/img1158.jpg,500,1,347,168,1
train/hammer/img1264.jpg,385,112,197,111,1
train/hammer/img1158.jpg,500,1,347,168,1
train/hammer/img1010.jpg,88,290,32,254,1
train/hammer/img383.jpg,70,375,16,439,1
train/hammer/img1004.jpg,1,316,67,478,1
train/hammer/img426.jpg,93,187,10,270,1
train/hammer/img1038.jpg,18,77,82,242,1
train/hammer/img1038.jpg,90,151,86,240,1
train/hammer/img1038.jpg,166,222,89,237,1
train/hammer/img1038.jpg,224,268,108,240,1
train/hammer/img1038.jpg,285,325,130,240,1
train/hammer/img354.jpg,32,114,125,315,1
train/hammer/img354.jpg,82,180,11,263,1
train/hammer/img354.jpg,156,218,101,320,1
train/hammer/img354.jpg,202,300,13,280,1
train/hammer/img354.jpg,282,381,83,324,1
train/hammer/img354.jpg,319,408,21,216,1
train/hammer/img354.jpg,395,484,116,312,1
train/hammer/img1310.jpg,469,44,245,102,1
train/hammer/img426.jpg,93,187,10,270,1
train/hammer/img354.jpg,32,114,125,315,1
train/hammer/img354.jpg,82,180,11,263,1
train/hammer/img354.jpg,156,218,101,320,1
train/hammer/img354.jpg,202,300,13,280,1
train/hammer/img354.jpg,282,381,83,324,1
train/hammer/img354.jpg,319,408,21,216,1
train/hammer/img354.jpg,395,484,116,312,1
train/hammer/img1038.jpg,18,77,82,242,1
train/hammer/img1038.jpg,90,151,86,240,1
train/hammer/img1038.jpg,166,222,89,237,1
train/hammer/img1038.jpg,224,268,108,240,1
train/hammer/img1038.jpg,285,325,130,240,1
train/hammer/img1010.jpg,88,290,32,254,1
train/hammer/img383.jpg,70,375,16,439,1
train/hammer/img1338.jpg,455,280,375,158,1
train/hammer/img1004.jpg,1,316,67,478,1
train/hammer/img618.jpg,251,368,169,305,1
train/hammer/img624.jpg,145,340,11,418,1
train/hammer/img817.jpg,68,332,16,552,1
train/hammer/img630.jpg,78,418,47,100,1
train/hammer/img630.jpg,186,500,96,306,1
train/hammer/img624.jpg,145,340,11,418,1
train/hammer/img1112.jpg,363,188,284,122,1
train/hammer/img630.jpg,78,418,47,100,1
train/hammer/img630.jpg,186,500,96,306,1
train/hammer/img817.jpg,68,332,16,552,1
train/hammer/img618.jpg,251,368,169,305,1
train/hammer/img1123.jpg,500,38,242,16,1
train/hammer/img615.jpg,38,264,8,283,1
train/hammer/img601.jpg,179,290,86,167,1
train/hammer/img629.jpg,69,193,40,175,1
train/hammer/img629.jpg,69,193,40,175,1
train/hammer/img615.jpg,38,264,8,283,1
train/hammer/img601.jpg,179,290,86,167,1
train/hammer/img417.jpg,353,500,5,140,1
train/hammer/img1321.jpg,449,311,213,75,1
train/hammer/img403.jpg,30,245,29,246,1
train/hammer/img1335.jpg,417,354,243,86,1
train/hammer/img359.jpg,85,134,29,185,1
train/hammer/img359.jpg,170,239,29,216,1
train/hammer/img359.jpg,1,69,30,227,1
train/hammer/img359.jpg,275,322,24,172,1
train/hammer/img359.jpg,85,134,29,185,1
train/hammer/img359.jpg,170,239,29,216,1
train/hammer/img359.jpg,1,69,30,227,1
train/hammer/img359.jpg,275,322,24,172,1
train/hammer/img417.jpg,353,500,5,140,1
train/hammer/img403.jpg,30,245,29,246,1
train/hammer/img1169.jpg,214,102,230,78,1
train/hammer/img1255.jpg,172,0,339,129,1
train/hammer/img563.jpg,67,243,73,376,1
train/hammer/img577.jpg,21,165,7,270,1
train/hammer/img1155.jpg,191,161,229,205,1
train/hammer/img1155.jpg,341,322,205,187,1
train/hammer/img1141.jpg,366,167,205,55,1
train/hammer/img1296.jpg,463,1,335,122,1
train/hammer/img1155.jpg,191,161,229,205,1
train/hammer/img1155.jpg,341,322,205,187,1
train/hammer/img1141.jpg,366,167,205,55,1
train/hammer/img1169.jpg,214,102,230,78,1
train/hammer/img563.jpg,67,243,73,376,1
train/hammer/img577.jpg,21,165,7,270,1
train/hammer/img761.jpg,193,238,251,373,1
train/hammer/img761.jpg,245,270,236,376,1
train/hammer/img761.jpg,267,340,233,376,1
train/hammer/img761.jpg,294,376,213,340,1
train/hammer/img1380.jpg,280,180,222,93,1
train/hammer/img985.jpg,30,346,29,332,1
train/hammer/img991.jpg,58,222,58,154,1
train/hammer/img1343.jpg,146,60,254,42,1
train/hammer/img985.jpg,30,346,29,332,1
train/hammer/img1094.jpg,197,5,139,43,1
train/hammer/img1080.jpg,120,26,223,26,1
train/hammer/img1080.jpg,218,162,174,43,1
train/hammer/img1080.jpg,272,223,189,48,1
train/hammer/img1080.jpg,340,301,185,62,1
train/hammer/img1080.jpg,156,112,166,49,1
train/hammer/img991.jpg,58,222,58,154,1
train/hammer/img1343.jpg,146,60,254,42,1
train/hammer/img761.jpg,193,238,251,373,1
train/hammer/img761.jpg,245,270,236,376,1
train/hammer/img761.jpg,267,340,233,376,1
train/hammer/img761.jpg,294,376,213,340,1
train/hammer/img1380.jpg,280,180,222,93,1
train/hammer/img953.jpg,88,321,138,416,1
train/hammer/img1381.jpg,172,16,417,22,1
train/hammer/img774.jpg,132,302,248,320,1
train/hammer/img760.jpg,45,427,39,315,1
train/hammer/img990.jpg,12,409,68,279,1
train/hammer/img984.jpg,143,237,36,274,1
train/hammer/img990.jpg,12,409,68,279,1
train/hammer/img984.jpg,143,237,36,274,1
train/hammer/img774.jpg,132,302,248,320,1
train/hammer/img953.jpg,88,321,138,416,1
train/hammer/img1381.jpg,172,16,417,22,1
train/hammer/img760.jpg,45,427,39,315,1
train/hammer/img576.jpg,27,230,15,113,1
train/hammer/img1183.jpg,216,166,227,137,1
train/hammer/img589.jpg,181,302,49,142,1
train/hammer/img1197.jpg,106,38,203,102,1
train/hammer/img1168.jpg,348,98,277,67,1
train/hammer/img1283.jpg,316,1,359,106,1
train/hammer/img1297.jpg,280,70,465,35,1
train/hammer/img1268.jpg,263,0,247,1,1
train/hammer/img1183.jpg,216,166,227,137,1
train/hammer/img589.jpg,181,302,49,142,1
train/hammer/img576.jpg,27,230,15,113,1
train/hammer/img1240.jpg,447,129,239,21,1
train/hammer/img1254.jpg,125,9,341,123,1
train/hammer/img1254.jpg,182,111,263,117,1
train/hammer/img1254.jpg,229,167,231,98,1
train/hammer/img1254.jpg,286,212,267,119,1
train/hammer/img1254.jpg,462,370,244,100,1
train/hammer/img1254.jpg,331,262,245,99,1
train/hammer/img1254.jpg,395,332,199,76,1
train/hammer/img1168.jpg,348,98,277,67,1
train/hammer/img1197.jpg,106,38,203,102,1
train/hammer/img364.jpg,153,468,150,331,1
train/hammer/img370.jpg,29,274,77,344,1
train/hammer/img370.jpg,137,307,21,337,1
train/hammer/img370.jpg,258,353,24,315,1
train/hammer/img370.jpg,326,464,65,312,1
train/hammer/img1308.jpg,253,176,233,180,1
train/hammer/img364.jpg,153,468,150,331,1
train/hammer/img1334.jpg,172,111,278,153,1
train/hammer/img1334.jpg,232,185,245,114,1
train/hammer/img1320.jpg,415,62,280,162,1
train/hammer/img370.jpg,29,274,77,344,1
train/hammer/img370.jpg,137,307,21,337,1
train/hammer/img370.jpg,258,353,24,315,1
train/hammer/img370.jpg,326,464,65,312,1
train/hammer/img833.jpg,198,310,80,385,1
train/hammer/img1222.jpg,278,208,269,71,1
train/hammer/img1222.jpg,278,208,269,71,1
train/hammer/img1136.jpg,427,187,285,188,1
train/hammer/img833.jpg,198,310,80,385,1
train/hammer/img1122.jpg,498,311,321,14,1
train/hammer/img1134.jpg,395,5,269,85,1
train/hammer/img616.jpg,26,307,23,106,1
train/hammer/img1234.jpg,498,266,366,50,1
train/hammer/img1234.jpg,498,266,366,50,1
train/hammer/img616.jpg,26,307,23,106,1
train/hammer/img1336.jpg,151,56,309,56,1
train/hammer/img399.jpg,11,145,21,154,1
train/hammer/img366.jpg,106,307,55,252,1
train/hammer/img1322.jpg,317,16,347,188,1
train/hammer/img1022.jpg,13,200,8,178,1
train/hammer/img1022.jpg,13,200,8,178,1
train/hammer/img366.jpg,106,307,55,252,1
train/hammer/img399.jpg,11,145,21,154,1
train/hammer/img1242.jpg,403,275,293,225,1
train/hammer/img212.jpg,200,288,55,179,1
train/hammer/img212.jpg,279,390,82,192,1
train/hammer/img1181.jpg,212,0,449,42,1
train/hammer/img1256.jpg,432,20,375,38,1
train/hammer/img1142.jpg,399,79,242,81,1
train/hammer/img548.jpg,59,423,43,303,1
train/hammer/img1281.jpg,374,69,266,90,1
train/hammer/img1142.jpg,399,79,242,81,1
train/hammer/img548.jpg,59,423,43,303,1
train/hammer/img1295.jpg,476,219,367,31,1
train/hammer/img212.jpg,200,288,55,179,1
train/hammer/img212.jpg,279,390,82,192,1
train/hammer/img1181.jpg,212,0,449,42,1
train/hammer/img1383.jpg,499,3,462,9,1
train/hammer/img762.jpg,8,493,18,307,1
train/hammer/img1368.jpg,466,24,241,145,1
train/hammer/img1340.jpg,427,48,272,7,1
train/hammer/img1340.jpg,427,48,272,7,1
train/hammer/img1083.jpg,385,9,358,214,1
train/hammer/img1383.jpg,499,3,462,9,1
train/hammer/img762.jpg,8,493,18,307,1
train/hammer/img1368.jpg,466,24,241,145,1
train/hammer/img944.jpg,122,483,18,357,1
train/hammer/img788.jpg,161,191,188,286,1
train/hammer/img950.jpg,62,482,45,313,1
train/hammer/img1382.jpg,459,30,339,35,1
train/hammer/img978.jpg,1,172,1,500,1
train/hammer/img987.jpg,55,236,83,380,1
train/hammer/img1355.jpg,303,8,476,67,1
train/hammer/img1341.jpg,491,220,366,20,1
train/hammer/img987.jpg,55,236,83,380,1
train/hammer/img1355.jpg,303,8,476,67,1
train/hammer/img978.jpg,1,172,1,500,1
train/hammer/img1341.jpg,491,220,366,20,1
train/hammer/img944.jpg,122,483,18,357,1
train/hammer/img788.jpg,161,191,188,286,1
train/hammer/img950.jpg,62,482,45,313,1
train/hammer/img1382.jpg,459,30,339,35,1
train/hammer/img1180.jpg,195,7,156,38,1
train/hammer/img1143.jpg,422,31,281,49,1
train/hammer/img1143.jpg,422,31,281,49,1
train/hammer/img1243.jpg,344,27,184,96,1
train/hammer/img1180.jpg,195,7,156,38,1
train/hammer/img373.jpg,79,389,14,224,1
train/hammer/img398.jpg,108,266,198,267,1
train/hammer/img429.jpg,405,447,145,334,1
train/hammer/img429.jpg,405,447,145,334,1
train/hammer/img373.jpg,79,389,14,224,1
train/hammer/img1323.jpg,322,186,336,98,1
train/hammer/img398.jpg,108,266,198,267,1
train/hammer/img1337.jpg,363,1,270,14,1
train/hammer/img617.jpg,67,454,69,333,1
train/hammer/img603.jpg,113,386,55,559,1
train/hammer/img824.jpg,65,264,133,269,1
train/hammer/img1221.jpg,475,53,239,42,1
train/hammer/img1235.jpg,374,50,240,0,1
train/hammer/img818.jpg,10,268,153,294,1
train/hammer/img818.jpg,78,303,101,260,1
train/hammer/img818.jpg,163,360,56,259,1
train/hammer/img1221.jpg,475,53,239,42,1
train/hammer/img818.jpg,10,268,153,294,1
train/hammer/img818.jpg,78,303,101,260,1
train/hammer/img818.jpg,163,360,56,259,1
train/hammer/img1235.jpg,374,50,240,0,1
train/hammer/img617.jpg,67,454,69,333,1
train/hammer/img824.jpg,65,264,133,269,1
train/hammer/img603.jpg,113,386,55,559,1
train/hammer/img1135.jpg,193,15,148,38,1
train/hammer/img808.jpg,9,199,20,199,1
train/hammer/img1225.jpg,282,83,192,68,1
train/hammer/img1131.jpg,486,68,190,34,1
train/hammer/img607.jpg,224,284,132,221,1
train/hammer/img613.jpg,14,185,3,124,1
train/hammer/img607.jpg,224,284,132,221,1
train/hammer/img613.jpg,14,185,3,124,1
train/hammer/img1225.jpg,282,83,192,68,1
train/hammer/img808.jpg,9,199,20,199,1
train/hammer/img363.jpg,92,171,195,375,1
train/hammer/img363.jpg,174,245,212,375,1
train/hammer/img363.jpg,247,311,196,375,1
train/hammer/img363.jpg,320,382,212,375,1
train/hammer/img363.jpg,394,463,189,375,1
train/hammer/img363.jpg,1,52,195,375,1
train/hammer/img363.jpg,38,106,218,375,1
train/hammer/img411.jpg,13,136,113,186,1
train/hammer/img1327.jpg,406,268,272,54,1
train/hammer/img377.jpg,94,479,17,313,1
train/hammer/img363.jpg,92,171,195,375,1
train/hammer/img363.jpg,174,245,212,375,1
train/hammer/img363.jpg,247,311,196,375,1
train/hammer/img363.jpg,320,382,212,375,1
train/hammer/img363.jpg,394,463,189,375,1
train/hammer/img363.jpg,1,52,195,375,1
train/hammer/img363.jpg,38,106,218,375,1
train/hammer/img377.jpg,94,479,17,313,1
train/hammer/img411.jpg,13,136,113,186,1
train/hammer/img559.jpg,100,288,36,155,1
train/hammer/img1247.jpg,115,0,45,0,1
train/hammer/img571.jpg,7,146,36,91,1
train/hammer/img1253.jpg,372,83,297,132,1
train/hammer/img565.jpg,38,166,111,345,1
train/hammer/img565.jpg,150,329,137,338,1
train/hammer/img571.jpg,7,146,36,91,1
train/hammer/img565.jpg,38,166,111,345,1
train/hammer/img565.jpg,150,329,137,338,1
train/hammer/img1284.jpg,310,0,411,172,1
train/hammer/img1290.jpg,457,252,333,39,1
train/hammer/img559.jpg,100,288,36,155,1
train/hammer/img1345.jpg,486,10,375,71,1
train/hammer/img1351.jpg,454,1,369,17,1
train/hammer/img983.jpg,164,360,47,500,1
train/hammer/img1379.jpg,381,192,154,1,1
train/hammer/img767.jpg,168,474,70,300,1
train/hammer/img1379.jpg,381,192,154,1,1
train/hammer/img767.jpg,168,474,70,300,1
train/hammer/img1086.jpg,191,88,299,48,1
train/hammer/img1345.jpg,486,10,375,71,1
train/hammer/img1351.jpg,454,1,369,17,1
train/hammer/img983.jpg,164,360,47,500,1
train/hammer/img1350.jpg,365,1,344,66,1
train/hammer/img1093.jpg,265,208,299,154,1
train/hammer/img1344.jpg,449,43,272,50,1
train/hammer/img941.jpg,37,454,62,294,1
train/hammer/img955.jpg,94,342,259,375,1
train/hammer/img941.jpg,37,454,62,294,1
train/hammer/img955.jpg,94,342,259,375,1
train/hammer/img1350.jpg,365,1,344,66,1
train/hammer/img1344.jpg,449,43,272,50,1
train/hammer/img1291.jpg,492,227,374,9,1
train/hammer/img1285.jpg,418,323,216,146,1
train/hammer/img564.jpg,37,238,29,562,1
train/hammer/img564.jpg,37,238,29,562,1
train/hammer/img438.jpg,190,411,58,310,1
train/hammer/img376.jpg,45,386,170,298,1
train/hammer/img389.jpg,198,294,198,233,1
train/hammer/img1326.jpg,491,208,190,38,1
train/hammer/img389.jpg,198,294,198,233,1
train/hammer/img376.jpg,45,386,170,298,1
train/hammer/img1332.jpg,233,94,346,25,1
train/hammer/img438.jpg,190,411,58,310,1
train/hammer/img1224.jpg,266,0,435,1,1
train/hammer/img809.jpg,164,231,281,328,1
train/hammer/img612.jpg,113,523,8,412,1
train/hammer/img835.jpg,14,190,29,165,1
train/hammer/img835.jpg,14,190,29,165,1
train/hammer/img612.jpg,113,523,8,412,1
train/hammer/img809.jpg,164,231,281,328,1
train/hammer/img1224.jpg,266,0,435,1,1
train/hammer/img1226.jpg,407,0,321,13,1
train/hammer/img610.jpg,22,487,24,300,1
train/hammer/img837.jpg,69,429,20,334,1
train/hammer/img837.jpg,69,429,20,334,1
train/hammer/img610.jpg,22,487,24,300,1
train/hammer/img1226.jpg,407,0,321,13,1
train/hammer/img1318.jpg,207,130,184,115,1
train/hammer/img1024.jpg,46,400,49,177,1
train/hammer/img1024.jpg,46,434,153,285,1
train/hammer/img1024.jpg,434,500,45,178,1
train/hammer/img1030.jpg,78,1060,59,439,1
train/hammer/img374.jpg,136,192,8,169,1
train/hammer/img374.jpg,208,263,6,165,1
train/hammer/img374.jpg,285,343,2,141,1
train/hammer/img374.jpg,395,458,9,145,1
train/hammer/img374.jpg,382,458,28,216,1
train/hammer/img374.jpg,90,148,27,170,1
train/hammer/img374.jpg,45,97,41,188,1
train/hammer/img374.jpg,2,115,187,236,1
train/hammer/img1324.jpg,437,39,247,118,1
train/hammer/img406.jpg,91,577,30,788,1
train/hammer/img1330.jpg,499,36,368,0,1
train/hammer/img374.jpg,136,192,8,169,1
train/hammer/img374.jpg,208,263,6,165,1
train/hammer/img374.jpg,285,343,2,141,1
train/hammer/img374.jpg,395,458,9,145,1
train/hammer/img374.jpg,382,458,28,216,1
train/hammer/img374.jpg,90,148,27,170,1
train/hammer/img374.jpg,45,97,41,188,1
train/hammer/img374.jpg,2,115,187,236,1
train/hammer/img406.jpg,91,577,30,788,1
train/hammer/img1024.jpg,46,400,49,177,1
train/hammer/img1024.jpg,46,434,153,285,1
train/hammer/img1024.jpg,434,500,45,178,1
train/hammer/img1030.jpg,78,1060,59,439,1
train/hammer/img1144.jpg,200,31,191,22,1
train/hammer/img1278.jpg,374,27,485,33,1
train/hammer/img1250.jpg,275,83,337,59,1
train/hammer/img1244.jpg,317,187,158,16,1
train/hammer/img1244.jpg,183,14,202,85,1
train/hammer/img1178.jpg,147,37,321,149,1
train/hammer/img1178.jpg,147,37,321,149,1
train/hammer/img1293.jpg,78,5,438,378,1
train/hammer/img1287.jpg,500,123,315,44,1
train/hammer/img1144.jpg,200,31,191,22,1
train/hammer/img1352.jpg,451,77,243,37,1
train/hammer/img758.jpg,2,99,37,63,1
train/hammer/img980.jpg,10,455,102,375,1
train/hammer/img994.jpg,158,363,85,374,1
train/hammer/img1346.jpg,269,100,332,112,1
train/hammer/img1385.jpg,485,1,348,98,1
train/hammer/img957.jpg,170,237,66,157,1
train/hammer/img770.jpg,18,340,32,167,1
train/hammer/img770.jpg,18,340,32,167,1
train/hammer/img1385.jpg,485,1,348,98,1
train/hammer/img957.jpg,170,237,66,157,1
train/hammer/img1352.jpg,451,77,243,37,1
train/hammer/img758.jpg,2,99,37,63,1
train/hammer/img980.jpg,10,455,102,375,1
train/hammer/img994.jpg,158,363,85,374,1
train/hammer/img1346.jpg,269,100,332,112,1
train/hammer/img1347.jpg,256,97,433,19,1
train/hammer/img1084.jpg,281,159,167,36,1
train/hammer/img981.jpg,235,323,205,274,1
train/hammer/img759.jpg,2,17,28,73,1
train/hammer/img759.jpg,14,37,44,93,1
train/hammer/img759.jpg,25,51,26,81,1
train/hammer/img759.jpg,45,63,42,84,1
train/hammer/img759.jpg,69,91,45,96,1
train/hammer/img759.jpg,5,27,106,157,1
train/hammer/img759.jpg,38,58,103,151,1
train/hammer/img759.jpg,52,71,121,168,1
train/hammer/img759.jpg,64,80,101,147,1
train/hammer/img759.jpg,78,94,118,159,1
train/hammer/img759.jpg,88,106,105,150,1
train/hammer/img759.jpg,323,359,111,202,1
train/hammer/img759.jpg,238,270,194,268,1
train/hammer/img759.jpg,379,416,20,83,1
train/hammer/img759.jpg,326,350,40,96,1
train/hammer/img759.jpg,273,302,40,119,1
train/hammer/img759.jpg,177,204,251,318,1
train/hammer/img759.jpg,129,151,246,294,1
train/hammer/img759.jpg,134,155,301,367,1
train/hammer/img759.jpg,159,182,320,374,1
train/hammer/img759.jpg,244,271,333,373,1
train/hammer/img759.jpg,290,319,340,375,1
train/hammer/img759.jpg,335,372,285,356,1
train/hammer/img759.jpg,462,498,311,373,1
train/hammer/img759.jpg,451,492,3,66,1
train/hammer/img759.jpg,437,479,191,302,1
train/hammer/img759.jpg,455,500,95,189,1
train/hammer/img759.jpg,216,250,257,331,1
train/hammer/img759.jpg,133,153,52,113,1
train/hammer/img1353.jpg,246,109,435,87,1
train/hammer/img771.jpg,1,232,74,200,1
train/hammer/img1384.jpg,341,141,460,106,1
train/hammer/img942.jpg,167,279,217,362,1
train/hammer/img765.jpg,121,211,58,335,1
train/hammer/img765.jpg,151,242,120,360,1
train/hammer/img765.jpg,234,330,110,350,1
train/hammer/img765.jpg,187,262,90,357,1
train/hammer/img1384.jpg,341,141,460,106,1
train/hammer/img771.jpg,1,232,74,200,1
train/hammer/img765.jpg,121,211,58,335,1
train/hammer/img765.jpg,151,242,120,360,1
train/hammer/img765.jpg,234,330,110,350,1
train/hammer/img765.jpg,187,262,90,357,1
train/hammer/img942.jpg,167,279,217,362,1
train/hammer/img1347.jpg,256,97,433,19,1
train/hammer/img981.jpg,235,323,205,274,1
train/hammer/img759.jpg,2,17,28,73,1
train/hammer/img759.jpg,14,37,44,93,1
train/hammer/img759.jpg,25,51,26,81,1
train/hammer/img759.jpg,45,63,42,84,1
train/hammer/img759.jpg,69,91,45,96,1
train/hammer/img759.jpg,5,27,106,157,1
train/hammer/img759.jpg,38,58,103,151,1
train/hammer/img759.jpg,52,71,121,168,1
train/hammer/img759.jpg,64,80,101,147,1
train/hammer/img759.jpg,78,94,118,159,1
train/hammer/img759.jpg,88,106,105,150,1
train/hammer/img759.jpg,323,359,111,202,1
train/hammer/img759.jpg,238,270,194,268,1
train/hammer/img759.jpg,379,416,20,83,1
train/hammer/img759.jpg,326,350,40,96,1
train/hammer/img759.jpg,273,302,40,119,1
train/hammer/img759.jpg,177,204,251,318,1
train/hammer/img759.jpg,129,151,246,294,1
train/hammer/img759.jpg,134,155,301,367,1
train/hammer/img759.jpg,159,182,320,374,1
train/hammer/img759.jpg,244,271,333,373,1
train/hammer/img759.jpg,290,319,340,375,1
train/hammer/img759.jpg,335,372,285,356,1
train/hammer/img759.jpg,462,498,311,373,1
train/hammer/img759.jpg,451,492,3,66,1
train/hammer/img759.jpg,437,479,191,302,1
train/hammer/img759.jpg,455,500,95,189,1
train/hammer/img759.jpg,216,250,257,331,1
train/hammer/img759.jpg,133,153,52,113,1
train/hammer/img1353.jpg,246,109,435,87,1
train/hammer/img1286.jpg,455,16,351,5,1
train/hammer/img229.jpg,33,443,27,188,1
train/hammer/img1145.jpg,500,53,182,18,1
train/hammer/img1151.jpg,382,1,279,98,1
train/hammer/img1179.jpg,438,62,214,56,1
train/hammer/img573.jpg,344,443,35,370,1
train/hammer/img1179.jpg,438,62,214,56,1
train/hammer/img573.jpg,344,443,35,370,1
train/hammer/img1251.jpg,485,24,290,114,1
train/hammer/img1145.jpg,500,53,182,18,1
train/hammer/img229.jpg,33,443,27,188,1
train/hammer/img1151.jpg,382,1,279,98,1
train/hammer/img1025.jpg,104,425,1,324,1
train/hammer/img407.jpg,41,205,40,151,1
train/hammer/img407.jpg,370,500,173,319,1
train/hammer/img407.jpg,66,377,165,359,1
train/hammer/img375.jpg,32,90,21,239,1
train/hammer/img1331.jpg,302,67,270,83,1
train/hammer/img407.jpg,41,205,40,151,1
train/hammer/img407.jpg,370,500,173,319,1
train/hammer/img407.jpg,66,377,165,359,1
train/hammer/img375.jpg,32,90,21,239,1
train/hammer/img1325.jpg,226,73,321,253,1
train/hammer/img1025.jpg,104,425,1,324,1
train/hammer/img1233.jpg,417,314,239,153,1
train/hammer/img1233.jpg,374,299,209,144,1
train/hammer/img639.jpg,354,471,101,375,1
train/hammer/img1227.jpg,268,1,399,139,1
train/hammer/img1133.jpg,245,79,209,138,1
train/hammer/img1233.jpg,417,314,239,153,1
train/hammer/img1233.jpg,374,299,209,144,1
train/hammer/img639.jpg,354,471,101,375,1
train/hammer/img1227.jpg,268,1,399,139,1
train/hammer/img676.jpg,2,342,1,206,1
train/hammer/img1283.jpg,316,1,359,106,1
train/hammer/img689.jpg,1,477,1,331,1
train/hammer/img845.jpg,16,342,126,228,1
train/hammer/img845.jpg,112,484,128,305,1
train/hammer/img845.jpg,24,209,30,315,1
train/hammer/img845.jpg,83,241,59,291,1
train/hammer/img845.jpg,149,274,15,278,1
train/hammer/img845.jpg,214,303,43,298,1
train/hammer/img845.jpg,273,342,15,276,1
train/hammer/img845.jpg,317,411,42,298,1
train/hammer/img845.jpg,122,426,61,164,1
train/hammer/img1297.jpg,280,70,465,35,1
train/hammer/img1268.jpg,263,0,247,1,1
train/hammer/img892.jpg,17,327,67,500,1
train/hammer/img1240.jpg,447,129,239,21,1
train/hammer/img1254.jpg,125,9,341,123,1
train/hammer/img1254.jpg,182,111,263,117,1
train/hammer/img1254.jpg,229,167,231,98,1
train/hammer/img1254.jpg,286,212,267,119,1
train/hammer/img1254.jpg,462,370,244,100,1
train/hammer/img1254.jpg,331,262,245,99,1
train/hammer/img1254.jpg,395,332,199,76,1
train/hammer/img1168.jpg,348,98,277,67,1
train/hammer/img1183.jpg,216,166,227,137,1
train/hammer/img892.jpg,17,327,67,500,1
train/hammer/img1240.jpg,447,129,239,21,1
train/hammer/img1254.jpg,125,9,341,123,1
train/hammer/img1254.jpg,182,111,263,117,1
train/hammer/img1254.jpg,229,167,231,98,1
train/hammer/img1254.jpg,286,212,267,119,1
train/hammer/img1254.jpg,462,370,244,100,1
train/hammer/img1254.jpg,331,262,245,99,1
train/hammer/img1254.jpg,395,332,199,76,1
train/hammer/img1197.jpg,106,38,203,102,1
train/hammer/img1283.jpg,316,1,359,106,1
train/hammer/img689.jpg,1,477,1,331,1
train/hammer/img676.jpg,2,342,1,206,1
train/hammer/img1268.jpg,263,0,247,1,1
train/hammer/img845.jpg,16,342,126,228,1
train/hammer/img845.jpg,112,484,128,305,1
train/hammer/img845.jpg,24,209,30,315,1
train/hammer/img845.jpg,83,241,59,291,1
train/hammer/img845.jpg,149,274,15,278,1
train/hammer/img845.jpg,214,303,43,298,1
train/hammer/img845.jpg,273,342,15,276,1
train/hammer/img845.jpg,317,411,42,298,1
train/hammer/img845.jpg,122,426,61,164,1
train/hammer/img1297.jpg,280,70,465,35,1
train/hammer/img312.jpg,173,384,61,261,1
train/hammer/img306.jpg,145,432,38,350,1
train/hammer/img1056.jpg,1,409,1,342,1
train/hammer/img1381.jpg,172,16,417,22,1
train/hammer/img1056.jpg,1,409,1,342,1
train/hammer/img312.jpg,173,384,61,261,1
train/hammer/img306.jpg,145,432,38,350,1
train/hammer/img1222.jpg,278,208,269,71,1
train/hammer/img514.jpg,1,257,161,400,1
train/hammer/img272.jpg,1,449,51,299,1
train/hammer/img1136.jpg,427,187,285,188,1
train/hammer/img1122.jpg,498,311,321,14,1
train/hammer/img1136.jpg,427,187,285,188,1
train/hammer/img1122.jpg,498,311,321,14,1
train/hammer/img272.jpg,1,449,51,299,1
train/hammer/img514.jpg,1,257,161,400,1
train/hammer/img1308.jpg,253,176,233,180,1
train/hammer/img931.jpg,129,210,116,320,1
train/hammer/img716.jpg,1,171,112,357,1
train/hammer/img1334.jpg,172,111,278,153,1
train/hammer/img1334.jpg,232,185,245,114,1
train/hammer/img1320.jpg,415,62,280,162,1
train/hammer/img1334.jpg,172,111,278,153,1
train/hammer/img1334.jpg,232,185,245,114,1
train/hammer/img1320.jpg,415,62,280,162,1
train/hammer/img1308.jpg,253,176,233,180,1
train/hammer/img716.jpg,1,171,112,357,1
train/hammer/img931.jpg,129,210,116,320,1
train/hammer/img717.jpg,31,500,65,267,1
train/hammer/img930.jpg,143,500,20,153,1
train/hammer/img703.jpg,37,328,24,318,1
train/hammer/img1321.jpg,449,311,213,75,1
train/hammer/img918.jpg,39,329,58,432,1
train/hammer/img1335.jpg,417,354,243,86,1
train/hammer/img1321.jpg,449,311,213,75,1
train/hammer/img1335.jpg,417,354,243,86,1
train/hammer/img918.jpg,39,329,58,432,1
train/hammer/img930.jpg,143,500,20,153,1
train/hammer/img717.jpg,31,500,65,267,1
train/hammer/img703.jpg,37,328,24,318,1
train/hammer/img273.jpg,123,236,37,368,1
train/hammer/img273.jpg,278,410,90,375,1
train/hammer/img273.jpg,436,499,75,375,1
train/hammer/img515.jpg,1,155,41,131,1
train/hammer/img267.jpg,1,500,56,291,1
train/hammer/img1123.jpg,500,38,242,16,1
train/hammer/img1123.jpg,500,38,242,16,1
train/hammer/img515.jpg,1,155,41,131,1
train/hammer/img273.jpg,123,236,37,368,1
train/hammer/img273.jpg,278,410,90,375,1
train/hammer/img273.jpg,436,499,75,375,1
train/hammer/img267.jpg,1,500,56,291,1
train/hammer/img307.jpg,115,205,82,145,1
train/hammer/img307.jpg,170,237,313,411,1
train/hammer/img307.jpg,162,251,176,248,1
train/hammer/img1094.jpg,197,5,139,43,1
train/hammer/img1080.jpg,120,26,223,26,1
train/hammer/img1080.jpg,218,162,174,43,1
train/hammer/img1080.jpg,272,223,189,48,1
train/hammer/img1080.jpg,340,301,185,62,1
train/hammer/img1080.jpg,156,112,166,49,1
train/hammer/img449.jpg,6,198,39,159,1
train/hammer/img1043.jpg,38,375,153,352,1
train/hammer/img1380.jpg,280,180,222,93,1
train/hammer/img449.jpg,6,198,39,159,1
train/hammer/img1043.jpg,38,375,153,352,1
train/hammer/img307.jpg,115,205,82,145,1
train/hammer/img307.jpg,170,237,313,411,1
train/hammer/img307.jpg,162,251,176,248,1
train/hammer/img1094.jpg,197,5,139,43,1
train/hammer/img1080.jpg,120,26,223,26,1
train/hammer/img1080.jpg,218,162,174,43,1
train/hammer/img1080.jpg,272,223,189,48,1
train/hammer/img1080.jpg,340,301,185,62,1
train/hammer/img1080.jpg,156,112,166,49,1
train/hammer/img1343.jpg,146,60,254,42,1
train/hammer/img1296.jpg,463,1,335,122,1
train/hammer/img1255.jpg,172,0,339,129,1
train/hammer/img893.jpg,163,266,390,487,1
train/hammer/img1169.jpg,214,102,230,78,1
train/hammer/img1255.jpg,172,0,339,129,1
train/hammer/img893.jpg,163,266,390,487,1
train/hammer/img1296.jpg,463,1,335,122,1
train/hammer/img1155.jpg,191,161,229,205,1
train/hammer/img1155.jpg,341,322,205,187,1
train/hammer/img1141.jpg,366,167,205,55,1
train/hammer/img846.jpg,253,485,78,261,1
train/hammer/img852.jpg,162,363,189,277,1
train/hammer/img1143.jpg,422,31,281,49,1
train/hammer/img675.jpg,38,437,35,303,1
train/hammer/img885.jpg,77,413,81,206,1
train/hammer/img1243.jpg,344,27,184,96,1
train/hammer/img885.jpg,77,413,81,206,1
train/hammer/img1243.jpg,344,27,184,96,1
train/hammer/img1180.jpg,195,7,156,38,1
train/hammer/img846.jpg,253,485,78,261,1
train/hammer/img675.jpg,38,437,35,303,1
train/hammer/img852.jpg,162,363,189,277,1
train/hammer/img305.jpg,151,372,103,197,1
train/hammer/img1355.jpg,303,8,476,67,1
train/hammer/img1341.jpg,491,220,366,20,1
train/hammer/img311.jpg,72,498,18,299,1
train/hammer/img311.jpg,2,499,126,392,1
train/hammer/img311.jpg,183,498,209,500,1
train/hammer/img311.jpg,19,223,330,460,1
train/hammer/img339.jpg,18,657,26,285,1
train/hammer/img1041.jpg,4,490,1,239,1
train/hammer/img339.jpg,18,657,26,285,1
train/hammer/img1382.jpg,459,30,339,35,1
train/hammer/img1041.jpg,4,490,1,239,1
train/hammer/img305.jpg,151,372,103,197,1
train/hammer/img311.jpg,72,498,18,299,1
train/hammer/img311.jpg,2,499,126,392,1
train/hammer/img311.jpg,183,498,209,500,1
train/hammer/img311.jpg,19,223,330,460,1
train/hammer/img1221.jpg,475,53,239,42,1
train/hammer/img1235.jpg,374,50,240,0,1
train/hammer/img1135.jpg,193,15,148,38,1
train/hammer/img1135.jpg,193,15,148,38,1
train/hammer/img932.jpg,161,242,244,378,1
train/hammer/img701.jpg,34,480,42,281,1
train/hammer/img1323.jpg,322,186,336,98,1
train/hammer/img1337.jpg,363,1,270,14,1
train/hammer/img1323.jpg,322,186,336,98,1
train/hammer/img1337.jpg,363,1,270,14,1
train/hammer/img932.jpg,161,242,244,378,1
train/hammer/img701.jpg,34,480,42,281,1
train/hammer/img700.jpg,5,74,65,290,1
train/hammer/img700.jpg,95,169,64,285,1
train/hammer/img700.jpg,174,256,58,323,1
train/hammer/img700.jpg,265,332,62,281,1
train/hammer/img700.jpg,342,403,65,286,1
train/hammer/img700.jpg,412,479,66,289,1
train/hammer/img714.jpg,200,316,181,299,1
train/hammer/img714.jpg,285,375,194,287,1
train/hammer/img714.jpg,72,182,375,500,1
train/hammer/img714.jpg,160,254,421,500,1
train/hammer/img714.jpg,248,316,439,500,1
train/hammer/img714.jpg,94,215,154,297,1
train/hammer/img714.jpg,25,87,165,282,1
train/hammer/img714.jpg,213,336,68,175,1
train/hammer/img714.jpg,195,308,301,419,1
train/hammer/img714.jpg,81,202,268,419,1
train/hammer/img1336.jpg,151,56,309,56,1
train/hammer/img1322.jpg,317,16,347,188,1
train/hammer/img1336.jpg,151,56,309,56,1
train/hammer/img1322.jpg,317,16,347,188,1
train/hammer/img700.jpg,5,74,65,290,1
train/hammer/img700.jpg,95,169,64,285,1
train/hammer/img700.jpg,174,256,58,323,1
train/hammer/img700.jpg,265,332,62,281,1
train/hammer/img700.jpg,342,403,65,286,1
train/hammer/img700.jpg,412,479,66,289,1
train/hammer/img714.jpg,200,316,181,299,1
train/hammer/img714.jpg,285,375,194,287,1
train/hammer/img714.jpg,72,182,375,500,1
train/hammer/img714.jpg,160,254,421,500,1
train/hammer/img714.jpg,248,316,439,500,1
train/hammer/img714.jpg,94,215,154,297,1
train/hammer/img714.jpg,25,87,165,282,1
train/hammer/img714.jpg,213,336,68,175,1
train/hammer/img714.jpg,195,308,301,419,1
train/hammer/img714.jpg,81,202,268,419,1
train/hammer/img264.jpg,22,154,27,292,1
train/hammer/img516.jpg,1,341,12,319,1
train/hammer/img1134.jpg,395,5,269,85,1
train/hammer/img1134.jpg,395,5,269,85,1
train/hammer/img1234.jpg,498,266,366,50,1
train/hammer/img264.jpg,22,154,27,292,1
train/hammer/img516.jpg,1,341,12,319,1
train/hammer/img310.jpg,30,313,90,341,1
train/hammer/img1083.jpg,385,9,358,214,1
train/hammer/img489.jpg,2,199,35,161,1
train/hammer/img304.jpg,114,259,102,282,1
train/hammer/img1383.jpg,499,3,462,9,1
train/hammer/img1054.jpg,65,147,11,195,1
train/hammer/img1054.jpg,65,147,11,195,1
train/hammer/img1368.jpg,466,24,241,145,1
train/hammer/img1340.jpg,427,48,272,7,1
train/hammer/img310.jpg,30,313,90,341,1
train/hammer/img1083.jpg,385,9,358,214,1
train/hammer/img489.jpg,2,199,35,161,1
train/hammer/img304.jpg,114,259,102,282,1
train/hammer/img853.jpg,118,497,15,193,1
train/hammer/img1281.jpg,374,69,266,90,1
train/hammer/img1295.jpg,476,219,367,31,1
train/hammer/img847.jpg,114,308,110,254,1
train/hammer/img1242.jpg,403,275,293,225,1
train/hammer/img890.jpg,289,376,94,307,1
train/hammer/img1181.jpg,212,0,449,42,1
train/hammer/img884.jpg,41,88,189,305,1
train/hammer/img884.jpg,371,426,161,258,1
train/hammer/img884.jpg,101,140,48,167,1
train/hammer/img884.jpg,157,201,19,134,1
train/hammer/img884.jpg,405,445,15,115,1
train/hammer/img884.jpg,196,235,143,249,1
train/hammer/img884.jpg,331,360,151,245,1
train/hammer/img884.jpg,125,156,186,283,1
train/hammer/img884.jpg,95,125,180,290,1
train/hammer/img884.jpg,314,341,187,277,1
train/hammer/img884.jpg,349,386,180,287,1
train/hammer/img884.jpg,362,391,21,125,1
train/hammer/img884.jpg,385,411,62,159,1
train/hammer/img1256.jpg,432,20,375,38,1
train/hammer/img1242.jpg,403,275,293,225,1
train/hammer/img890.jpg,289,376,94,307,1
train/hammer/img884.jpg,41,88,189,305,1
train/hammer/img884.jpg,371,426,161,258,1
train/hammer/img884.jpg,101,140,48,167,1
train/hammer/img884.jpg,157,201,19,134,1
train/hammer/img884.jpg,405,445,15,115,1
train/hammer/img884.jpg,196,235,143,249,1
train/hammer/img884.jpg,331,360,151,245,1
train/hammer/img884.jpg,125,156,186,283,1
train/hammer/img884.jpg,95,125,180,290,1
train/hammer/img884.jpg,314,341,187,277,1
train/hammer/img884.jpg,349,386,180,287,1
train/hammer/img884.jpg,362,391,21,125,1
train/hammer/img884.jpg,385,411,62,159,1
train/hammer/img1256.jpg,432,20,375,38,1
train/hammer/img853.jpg,118,497,15,193,1
train/hammer/img1281.jpg,374,69,266,90,1
train/hammer/img1142.jpg,399,79,242,81,1
train/hammer/img1295.jpg,476,219,367,31,1
train/hammer/img847.jpg,114,308,110,254,1
train/hammer/img894.jpg,147,197,25,146,1
train/hammer/img843.jpg,44,242,13,572,1
train/hammer/img1291.jpg,492,227,374,9,1
train/hammer/img670.jpg,3,138,1,207,1
train/hammer/img1285.jpg,418,323,216,146,1
train/hammer/img857.jpg,87,451,35,400,1
train/hammer/img843.jpg,44,242,13,572,1
train/hammer/img1291.jpg,492,227,374,9,1
train/hammer/img1285.jpg,418,323,216,146,1
train/hammer/img857.jpg,87,451,35,400,1
train/hammer/img670.jpg,3,138,1,207,1
train/hammer/img894.jpg,147,197,25,146,1
train/hammer/img1050.jpg,42,489,66,335,1
train/hammer/img1350.jpg,365,1,344,66,1
train/hammer/img1093.jpg,265,208,299,154,1
train/hammer/img300.jpg,6,226,7,113,1
train/hammer/img1344.jpg,449,43,272,50,1
train/hammer/img1093.jpg,265,208,299,154,1
train/hammer/img300.jpg,6,226,7,113,1
train/hammer/img1050.jpg,42,489,66,335,1
train/hammer/img1224.jpg,266,0,435,1,1
train/hammer/img260.jpg,1,500,4,281,1
train/hammer/img506.jpg,100,320,65,459,1
train/hammer/img506.jpg,198,379,279,460,1
train/hammer/img506.jpg,100,320,65,459,1
train/hammer/img506.jpg,198,379,279,460,1
train/hammer/img260.jpg,1,500,4,281,1
train/hammer/img1326.jpg,491,208,190,38,1
train/hammer/img738.jpg,1,203,1,141,1
train/hammer/img1332.jpg,233,94,346,25,1
train/hammer/img937.jpg,237,464,31,333,1
train/hammer/img704.jpg,131,317,123,258,1
train/hammer/img937.jpg,237,464,31,333,1
train/hammer/img704.jpg,131,317,123,258,1
train/hammer/img1326.jpg,491,208,190,38,1
train/hammer/img738.jpg,1,203,1,141,1
train/hammer/img1332.jpg,233,94,346,25,1
train/hammer/img1327.jpg,406,268,272,54,1
train/hammer/img1327.jpg,406,268,272,54,1
train/hammer/img1131.jpg,486,68,190,34,1
train/hammer/img507.jpg,5,154,41,113,1
train/hammer/img261.jpg,77,232,6,44,1
train/hammer/img261.jpg,11,238,38,108,1
train/hammer/img261.jpg,77,232,6,44,1
train/hammer/img261.jpg,11,238,38,108,1
train/hammer/img507.jpg,5,154,41,113,1
train/hammer/img1225.jpg,282,83,192,68,1
train/hammer/img1131.jpg,486,68,190,34,1
train/hammer/img329.jpg,218,303,206,261,1
train/hammer/img1079.jpg,61,208,191,266,1
train/hammer/img1086.jpg,191,88,299,48,1
train/hammer/img498.jpg,296,407,284,341,1
train/hammer/img498.jpg,196,269,182,222,1
train/hammer/img301.jpg,11,441,8,259,1
train/hammer/img1086.jpg,191,88,299,48,1
train/hammer/img1079.jpg,61,208,191,266,1
train/hammer/img1345.jpg,486,10,375,71,1
train/hammer/img1351.jpg,454,1,369,17,1
train/hammer/img498.jpg,296,407,284,341,1
train/hammer/img498.jpg,196,269,182,222,1
train/hammer/img301.jpg,11,441,8,259,1
train/hammer/img329.jpg,218,303,206,261,1
train/hammer/img1379.jpg,381,192,154,1,1
train/hammer/img1247.jpg,115,0,45,0,1
train/hammer/img1253.jpg,372,83,297,132,1
train/hammer/img1284.jpg,310,0,411,172,1
train/hammer/img665.jpg,395,492,134,363,1
train/hammer/img1290.jpg,457,252,333,39,1
train/hammer/img1284.jpg,310,0,411,172,1
train/hammer/img1290.jpg,457,252,333,39,1
train/hammer/img665.jpg,395,492,134,363,1
train/hammer/img1247.jpg,115,0,45,0,1
train/hammer/img1253.jpg,372,83,297,132,1
train/hammer/img868.jpg,122,500,1,371,1
train/hammer/img1179.jpg,438,62,214,56,1
train/hammer/img1251.jpg,485,24,290,114,1
train/hammer/img883.jpg,71,314,197,269,1
train/hammer/img1286.jpg,455,16,351,5,1
train/hammer/img854.jpg,81,483,4,281,1
train/hammer/img1145.jpg,500,53,182,18,1
train/hammer/img1151.jpg,382,1,279,98,1
train/hammer/img698.jpg,5,316,20,475,1
train/hammer/img1286.jpg,455,16,351,5,1
train/hammer/img854.jpg,81,483,4,281,1
train/hammer/img698.jpg,5,316,20,475,1
train/hammer/img868.jpg,122,500,1,371,1
train/hammer/img1251.jpg,485,24,290,114,1
train/hammer/img883.jpg,71,314,197,269,1
train/hammer/img1347.jpg,256,97,433,19,1
train/hammer/img1084.jpg,281,159,167,36,1
train/hammer/img303.jpg,8,137,27,365,1
train/hammer/img303.jpg,128,244,84,393,1
train/hammer/img1353.jpg,246,109,435,87,1
train/hammer/img1084.jpg,281,159,167,36,1
train/hammer/img303.jpg,8,137,27,365,1
train/hammer/img303.jpg,128,244,84,393,1
train/hammer/img1384.jpg,341,141,460,106,1
train/hammer/img1133.jpg,245,79,209,138,1
train/hammer/img539.jpg,251,423,30,285,1
train/hammer/img1233.jpg,417,314,239,153,1
train/hammer/img1233.jpg,374,299,209,144,1
train/hammer/img263.jpg,5,603,37,390,1
train/hammer/img288.jpg,193,252,303,428,1
train/hammer/img1227.jpg,268,1,399,139,1
train/hammer/img511.jpg,91,436,11,356,1
train/hammer/img263.jpg,5,603,37,390,1
train/hammer/img288.jpg,193,252,303,428,1
train/hammer/img511.jpg,91,436,11,356,1
train/hammer/img1133.jpg,245,79,209,138,1
train/hammer/img539.jpg,251,423,30,285,1
train/hammer/img1331.jpg,302,67,270,83,1
train/hammer/img1325.jpg,226,73,321,253,1
train/hammer/img908.jpg,19,212,8,493,1
train/hammer/img713.jpg,91,262,5,144,1
train/hammer/img934.jpg,1,442,2,394,1
train/hammer/img934.jpg,1,442,2,394,1
train/hammer/img713.jpg,91,262,5,144,1
train/hammer/img1331.jpg,302,67,270,83,1
train/hammer/img908.jpg,19,212,8,493,1
train/hammer/img1325.jpg,226,73,321,253,1
train/hammer/img1324.jpg,437,39,247,118,1
train/hammer/img1330.jpg,499,36,368,0,1
train/hammer/img1318.jpg,207,130,184,115,1
train/hammer/img706.jpg,69,283,51,500,1
train/hammer/img1318.jpg,207,130,184,115,1
train/hammer/img706.jpg,69,283,51,500,1
train/hammer/img1324.jpg,437,39,247,118,1
train/hammer/img1330.jpg,499,36,368,0,1
train/hammer/img538.jpg,93,462,73,203,1
train/hammer/img276.jpg,1,199,1,87,1
train/hammer/img276.jpg,1,199,1,87,1
train/hammer/img1226.jpg,407,0,321,13,1
train/hammer/img538.jpg,93,462,73,203,1
train/hammer/img1385.jpg,485,1,348,98,1
train/hammer/img302.jpg,71,268,134,217,1
train/hammer/img316.jpg,81,301,225,444,1
train/hammer/img302.jpg,71,268,134,217,1
train/hammer/img1352.jpg,451,77,243,37,1
train/hammer/img1346.jpg,269,100,332,112,1
train/hammer/img316.jpg,81,301,225,444,1
train/hammer/img1250.jpg,275,83,337,59,1
train/hammer/img1244.jpg,317,187,158,16,1
train/hammer/img1244.jpg,183,14,202,85,1
train/hammer/img896.jpg,72,197,239,368,1
train/hammer/img1293.jpg,78,5,438,378,1
train/hammer/img841.jpg,66,366,177,286,1
train/hammer/img666.jpg,5,204,4,143,1
train/hammer/img1278.jpg,374,27,485,33,1
train/hammer/img855.jpg,244,295,142,278,1
train/hammer/img1287.jpg,500,123,315,44,1
train/hammer/img666.jpg,5,204,4,143,1
train/hammer/img1293.jpg,78,5,438,378,1
train/hammer/img841.jpg,66,366,177,286,1
train/hammer/img855.jpg,244,295,142,278,1
train/hammer/img1287.jpg,500,123,315,44,1
train/hammer/img1144.jpg,200,31,191,22,1
train/hammer/img1278.jpg,374,27,485,33,1
train/hammer/img1250.jpg,275,83,337,59,1
train/hammer/img1244.jpg,317,187,158,16,1
train/hammer/img1244.jpg,183,14,202,85,1
train/hammer/img1178.jpg,147,37,321,149,1
train/hammer/img896.jpg,72,197,239,368,1
